Respondent_ID;Session_ID;Date_started (deprecated, scheint fehlerhaft und viel zu früh);Date_last_action (deprecated, scheint eher den Start des jeweiligen Teilnehmers anzuzeigen);Gender;Birthyear;Education;Published scientifically before (agree = yes);Knew Altmetric Badges before (agree = yes)
22;erqo2tj7ttf5k56v4lprsak0n4;01.02.2019 05:26;01.02.2019 06:26;;0;;;
23;jve0vtkugrblb2riudabjq5ph1;01.02.2019 09:40;01.02.2019 10:40;;0;;;
24;h9qnu234ilkgam57un44jun3l3;01.02.2019 10:07;01.02.2019 11:09;MÃ¤nnlich;1964;Diplom;;
25;d65ins069m40uks94gsho5d3h5;01.02.2019 11:44;01.02.2019 12:44;;0;;;
26;7oe0trablp9q17ia1gvcfut9d7;01.02.2019 11:45;01.02.2019 12:45;;0;;;
27;o6fo4uoi5dn855do8jn6c56lt6;01.02.2019 12:50;01.02.2019 13:50;;0;;;
28;vn08sd1u8du90kl353i6f5tgu6;01.02.2019 14:26;01.02.2019 15:26;;0;;;
29;apbf7tt3nuhdj9v7cjtnlmvqr0;01.02.2019 14:32;01.02.2019 15:32;;0;;;
30;06qaqk8n5cbj30t31ijldmri75;01.02.2019 15:01;01.02.2019 16:01;;0;;;
31;s636ndq3ee24fc0efutfrhelm2;01.02.2019 15:16;01.02.2019 16:19;MÃ¤nnlich;1972;Master;;agree
32;j85unfv7l0fplvsornsl1fskr5;01.02.2019 15:21;01.02.2019 16:21;;0;;;
33;o026g8k2tlsgs9ifj3vncu7pp4;01.02.2019 15:46;01.02.2019 16:46;;0;;;
34;i1lgaha2lustuu8bdmieg3jfc0;01.02.2019 15:51;01.02.2019 16:51;;0;;;
35;rigfhu4i1254m7sd2cqorpqr06;01.02.2019 15:53;01.02.2019 16:53;;0;;;
36;j4cupoc2m3tamj41e9ij84iak3;01.02.2019 15:54;01.02.2019 16:54;;0;;;
37;nulkofesmsbqaqr4scjmmocte2;01.02.2019 16:01;01.02.2019 17:01;;0;;;
38;pbiue9tlathttonk4akqi74ni6;04.02.2019 09:29;04.02.2019 10:29;;0;;;
39;jttmkbecugesc7ruh2sc413i95;04.02.2019 11:21;04.02.2019 12:21;;0;;;
40;o5sogn5gqgoe2e4q2oldn35k56;04.02.2019 17:39;04.02.2019 18:39;;0;;;
41;i4qkktgh0bribd61v4nv7otob2;04.02.2019 17:52;04.02.2019 18:52;;0;;;
42;7ucke2njgjai4l90i27ej35v46;04.02.2019 17:58;04.02.2019 18:58;;0;;;
43;6gnmdj4hia8nku00cfa4tf9dn6;04.02.2019 18:07;04.02.2019 19:12;Weiblich;1968;Anderer;;
44;mg8q1kde95s0d0gru1vhb5vat2;04.02.2019 18:14;04.02.2019 19:15;Weiblich;1958;Diplom;;
45;n5uj0fv3d5gns7tbd6cidmh3t6;04.02.2019 18:17;04.02.2019 19:20;Keine Antwort;1978;Promotion;agree;
46;3uadst0faaibrooa4h9im1j047;04.02.2019 19:11;04.02.2019 20:11;;0;;;
47;am2r6s0hs7sn8lg8212pas36d2;05.02.2019 08:49;05.02.2019 09:49;;0;;;
48;r510gese533f7136k4np7idbb1;05.02.2019 10:02;05.02.2019 11:02;;0;;;
49;41edp0ru1ccmmdu93dlh0u91l5;05.02.2019 10:34;05.02.2019 11:34;;0;;;
50;9ldf58qisculb2bpfa6otohkr5;05.02.2019 13:39;05.02.2019 14:39;;0;;;
51;pnl7kf560vgpvit6u8grp2t1n0;05.02.2019 14:18;05.02.2019 15:20;MÃ¤nnlich;1991;Master;agree;
52;50donk5fo8rv3tt1o24799na06;06.02.2019 09:44;06.02.2019 10:44;;0;;;
53;ektuid7laqn43k00j1if4rmuo6;06.02.2019 09:59;06.02.2019 10:59;;0;;;
54;vs9k771rtjptehiesud4ojehd1;06.02.2019 13:30;06.02.2019 14:30;;0;;;
55;93mbki9t4hb1mo9o4005pn1420;06.02.2019 13:37;06.02.2019 14:39;Male;1987;PhD;agree;agree
56;301kchbc1vb0t3gso94tec58o7;06.02.2019 13:41;06.02.2019 14:41;;0;;;
57;h0ns1li382khpdfojolumqooc7;06.02.2019 13:41;06.02.2019 14:43;Weiblich;1900;Grund-/Hauptschulabschluss;;
58;87msilc4g0m327bptqcgjpqkf1;06.02.2019 13:43;06.02.2019 14:45;MÃ¤nnlich;1900;Diplom;;
59;o7boiacregsq6fhrgk6bk3m3r7;06.02.2019 17:31;06.02.2019 18:31;;0;;;
60;kae35rto5oiop75gnm7vbt6mv0;06.02.2019 18:13;06.02.2019 19:15;MÃ¤nnlich;1987;Master;agree;
61;nahp3o15vtruli1ugoppdvem37;06.02.2019 18:21;06.02.2019 19:21;;0;;;
62;p58entlnneh5m1658ss18h9qv4;06.02.2019 18:30;06.02.2019 19:30;;0;;;
63;ollsn3d2athbv921lbcm7p3ni5;06.02.2019 18:32;06.02.2019 19:32;;0;;;
64;3uabkmola6k61m5hc9gr9f3093;06.02.2019 18:34;06.02.2019 19:34;;0;;;
65;057pdvf7vrpdma1qgker4b0696;06.02.2019 18:37;06.02.2019 19:37;;0;;;
66;cf1hlr89a28oqfclckjfqf4927;06.02.2019 18:41;06.02.2019 19:41;;0;;;
67;ao300h0j2f38uge865995qgjb7;06.02.2019 18:48;06.02.2019 19:48;;0;;;
68;vm7hd9ao08urt44r3ttb3ajt85;07.02.2019 06:59;07.02.2019 07:59;;0;;;
69;el5odc4o2nvjf9nmfg9531kki1;07.02.2019 08:36;07.02.2019 09:36;;0;;;
70;3p3p38pa4ju2m1iclrg8nrg1r2;08.02.2019 09:34;08.02.2019 10:34;;0;;;
71;3au6nnamq1qk7eqdavq5p4oog4;08.02.2019 14:21;08.02.2019 15:21;;0;;;
72;5g0l321l730d8jnq12ikkpmge2;11.02.2019 08:16;11.02.2019 09:19;MÃ¤nnlich;1965;Diplom;;
73;4p4jqeaq5tq7j597iprc4n4gh2;11.02.2019 14:31;11.02.2019 15:31;;0;;;
74;0pujlqugpe1buuivk8qog5ssd4;12.02.2019 10:08;12.02.2019 11:09;Weiblich;1982;Diplom;;
75;ukqlff9hru3o3tqdrd6peqrj17;13.02.2019 09:13;13.02.2019 10:13;;0;;;
76;lnkhegumejvto3sjdi4317fe65;13.02.2019 13:58;13.02.2019 15:01;MÃ¤nnlich;1990;Bachelor;;
77;lmm3al9h1qspaq7lectgj1e6j1;14.02.2019 10:14;14.02.2019 11:14;;0;;;
78;8vb3r5im4rt85shn95oo81v130;14.02.2019 10:14;14.02.2019 11:14;;0;;;
79;92g6ukpfopcjrgro5n4jra9e62;14.02.2019 10:48;14.02.2019 11:48;;0;;;
80;2o528u9ueqmqio1ch6kurvddi7;14.02.2019 12:10;14.02.2019 13:10;;0;;;
81;pq4bcffe8o55v26pl6gkc0qed0;14.02.2019 12:45;14.02.2019 13:46;Weiblich;1985;Promotion;agree;
82;7goqkfa04j5bj76i45m7a9i2h6;15.02.2019 07:59;15.02.2019 08:59;;0;;;
83;qu963h0e0gbmdvo9lnlkdbvnq1;19.02.2019 08:14;19.02.2019 09:14;;0;;;
84;jqu8c1kd44qcf9ub3s02ute614;19.02.2019 14:27;19.02.2019 15:32;MÃ¤nnlich;1968;Anderer;;
85;p2qa0lv90pvirgggks6v8tbnk6;19.02.2019 14:34;19.02.2019 15:34;;0;;;
86;8c13ch2l71chnbr5r4qja9oft4;19.02.2019 14:37;19.02.2019 15:37;;0;;;
87;u8v0fqa27fk153is86c3r2e724;19.02.2019 16:33;19.02.2019 17:33;;0;;;
88;vncou4pdrdgkejl0o1hbk67k70;19.02.2019 16:33;19.02.2019 17:33;;0;;;
89;3psc8ej3couappbdihn12u1844;20.02.2019 10:21;20.02.2019 11:21;;0;;;
90;o8kk2pba373q3haks26qo5clm0;20.02.2019 10:23;20.02.2019 11:26;MÃ¤nnlich;1947;Diplom;;
91;3itbp4bksnedblpluv6r526ii6;20.02.2019 12:06;20.02.2019 13:06;;0;;;
92;i39d4cn0ots3ooiq6fgi9v07u5;20.02.2019 12:51;20.02.2019 13:53;Weiblich;1992;Master;;agree
93;piiffgi5bdcq1uetrmoavhv0f3;20.02.2019 14:00;20.02.2019 15:02;MÃ¤nnlich;1967;Promotion;agree;
94;6d09v0uj9nt37bla6q4fvldni0;21.02.2019 11:18;21.02.2019 12:18;;0;;;
95;fpoevu3ar06t66cj35a4mtqi07;22.02.2019 10:26;22.02.2019 11:28;Weiblich;1961;Gymnasium (Abitur);;agree
96;n8pa4pguidrqgfdrlvho37fc23;22.02.2019 13:41;22.02.2019 14:41;;0;;;
97;okbk4cbi203s1m7o244mklo447;22.02.2019 15:41;22.02.2019 16:44;MÃ¤nnlich;2007;Grund-/Hauptschulabschluss;;
98;lnplsa0kfdsrn2eomnprm7k5l4;22.02.2019 15:45;22.02.2019 16:45;;0;;;
99;u273e7pjnt4tasfeqvqvu42us7;22.02.2019 15:47;22.02.2019 16:47;;0;;;
100;dbf0bcjbn6e2m099lt67pbf0s1;22.02.2019 15:48;22.02.2019 16:48;;0;;;
101;bjuvv5oo2kte8h4shtulbg4922;25.02.2019 10:13;25.02.2019 11:14;MÃ¤nnlich;1977;;;
102;1kp44rhpj46dv80fosb3ggbkd4;25.02.2019 10:44;25.02.2019 11:44;;0;;;
103;4ckob3s7crmohm8cvurimuik12;25.02.2019 13:04;25.02.2019 14:06;MÃ¤nnlich;1995;Gymnasium (Abitur);;
104;o3d7fq6p3ac41k5f2hu9svfot0;26.02.2019 09:57;26.02.2019 10:57;;0;;;
105;arl62lbloa9k6h95kgopjl6rh2;26.02.2019 11:12;26.02.2019 12:12;;0;;;
106;95vifhc4a7kn6ncte3o1c21cn4;26.02.2019 11:15;26.02.2019 12:15;Weiblich;1968;Diplom;;
107;j62498ge1lhc2gbu9ee958cuv6;26.02.2019 11:55;26.02.2019 12:55;;0;;;
108;p254gvh6pei2sln05am7aq52o7;27.02.2019 14:03;27.02.2019 15:06;MÃ¤nnlich;1975;Anderer;;
109;hohk9o46a7su4tejmtm3tu9av0;27.02.2019 14:07;27.02.2019 15:07;;0;;;
110;st5dhviid3afoca35tpcn0ke22;27.02.2019 17:25;27.02.2019 18:26;MÃ¤nnlich;1989;Master;;
111;ofqtqvbt5dilgh1av132aeod65;28.02.2019 09:53;28.02.2019 10:54;Weiblich;1969;Promotion;agree;agree
112;p8gjpiep7irtqeibgf1toqbfk1;28.02.2019 11:43;28.02.2019 12:43;;0;;;
113;fof6t83srigf16l6ukbt113ht2;01.03.2019 08:05;01.03.2019 09:05;;0;;;
114;c5eqge1frrj82nkgnkjuq1rn55;01.03.2019 15:36;01.03.2019 16:38;MÃ¤nnlich;1995;Gymnasium (Abitur);;
115;u957atsjdj8hlsvonckngoalg5;01.03.2019 16:19;01.03.2019 17:19;;0;;;
116;g978k7ncak0lu8p8pjurgmrai4;01.03.2019 16:21;01.03.2019 17:21;;0;;;
117;vdu841karg6dj0hcca7b2m0303;01.03.2019 16:37;01.03.2019 17:37;;0;;;
118;nfio97iqfdvmecq95co4as9m73;01.03.2019 16:41;01.03.2019 17:43;Weiblich;1980;Promotion;agree;
119;difkshk9nqc1ouvj9eue415en2;05.03.2019 16:17;05.03.2019 17:18;MÃ¤nnlich;1964;Diplom;;
120;f9msn2ftu8h4mlc0quramoudu2;05.03.2019 16:18;05.03.2019 17:18;;0;;;
121;1n1do4t71m7c9triive8ud4r90;05.03.2019 16:18;05.03.2019 17:18;;0;;;
122;25bn8p70c0n7hmdtlvb8iecg23;07.03.2019 11:26;07.03.2019 12:27;MÃ¤nnlich;1964;Diplom;;
123;0t0ad8oea13lfbmam2aq0hdhu3;07.03.2019 11:27;07.03.2019 12:27;;0;;;
124;503671fd1nioipo0p13hgq9ga0;07.03.2019 12:28;07.03.2019 13:28;;0;;;
125;8ofc6ekfc731cgpi2h3ri8dvm0;07.03.2019 13:01;07.03.2019 14:03;Weiblich;1990;Bachelor;;
126;h2h8g3kn9gsbve3b9mnbjet4d0;07.03.2019 13:24;07.03.2019 14:26;Weiblich;1991;Master;;
127;9n6atmdnshjpq60omr7cl2nbp0;07.03.2019 14:37;07.03.2019 15:37;;0;;;
128;052054h6k05f94k97n1tf8ju75;07.03.2019 14:38;07.03.2019 15:38;;0;;;
129;731lgcna804lvidaq8asjc3oj6;07.03.2019 16:42;07.03.2019 17:43;MÃ¤nnlich;1995;Gymnasium (Abitur);;
130;ej9jjvl0emf4r5f6stad8ldql1;07.03.2019 16:52;07.03.2019 17:52;;0;;;
131;39tp79ib39o37v8jtsdvcjoh64;07.03.2019 17:22;07.03.2019 18:22;;0;;;
132;vtp1kaajm70ejimap7p9pj0rt6;07.03.2019 18:03;07.03.2019 19:03;;0;;;
133;iaj3vj6o9gb85vmu5d0h95a487;07.03.2019 19:41;07.03.2019 20:44;Female;1983;Master;agree;
134;t1mtn5h2bk28apuigktlk8q3d1;07.03.2019 19:59;07.03.2019 20:59;;0;;;
135;4o7v9ppnsdekql1pmiu15ct463;07.03.2019 23:08;08.03.2019 00:08;;0;;;
136;idjbnvraqgg3lahl2s53fmf9u4;08.03.2019 09:52;08.03.2019 10:55;Weiblich;1965;Promotion;agree;
137;2o92sbgttioa2aive6ih9mmlf0;08.03.2019 10:43;08.03.2019 11:43;;0;;;
138;4j62hteb6sanjdek7tv6mm7t37;08.03.2019 10:49;08.03.2019 11:49;;0;;;
139;bbehoqi9lgstbqvfnss4s7mcv4;08.03.2019 10:52;08.03.2019 11:53;Weiblich;1983;Promotion;agree;agree
140;11f20vosmn9fivsuddffgle8m6;08.03.2019 10:55;08.03.2019 11:55;;0;;;
141;e072to2t4ijngldh7u0trs5411;08.03.2019 11:36;08.03.2019 12:36;;0;;;
142;bq4kuffiup89gas2qm3k91u0u1;08.03.2019 12:04;08.03.2019 13:04;;0;;;
143;93dh6605vp17a9p2smlu5d7ai5;08.03.2019 12:52;08.03.2019 13:52;;0;;;
144;53af4g744c8r53uphcsqc4rit6;08.03.2019 13:46;08.03.2019 14:49;MÃ¤nnlich;1963;Diplom;;
145;8uea7akhbm3emruplh1fevvmu7;08.03.2019 13:56;08.03.2019 14:56;;0;;;
146;4ojc2csef0roo391gma80v8813;08.03.2019 14:18;08.03.2019 15:18;;0;;;
147;ab75rh6c1keg7amb7mtqqk2lt3;08.03.2019 14:51;08.03.2019 15:51;;0;;;
148;dkik4gkv3fk2a29v5j1de5t8j4;08.03.2019 14:51;08.03.2019 15:51;;0;;;
149;063em43oftfsm7p6gpei4lhgg6;08.03.2019 14:59;08.03.2019 16:01;MÃ¤nnlich;1995;Bachelor;;
150;os0n31hlp25roccopf12pl0lb1;08.03.2019 15:40;08.03.2019 16:40;;0;;;
151;v6ddi3gjlo7h1jnbm4h71vc5q4;08.03.2019 16:14;08.03.2019 17:14;;0;;;
152;402j5nig3ojr5ejdr1mpn4asv1;08.03.2019 16:34;08.03.2019 17:36;Male;1989;Bachelor;agree;
153;t56s5ea5f2qe7d8epbeevmofv3;08.03.2019 16:54;08.03.2019 17:54;;0;;;
154;u2avpdmmu1naah97j13cemt871;08.03.2019 17:00;08.03.2019 18:00;;0;;;
155;001eq45gdhl20lbsrm6ru479v1;08.03.2019 17:35;08.03.2019 18:35;;0;;;
156;1oinb2mf4kmjd9dijr5t04q5b5;08.03.2019 18:03;08.03.2019 19:03;;0;;;
157;sblomk7c5ojbkhkpacn6b95tk3;08.03.2019 18:18;08.03.2019 19:18;;0;;;
158;5spko46egp71sl6r94m32m61c1;08.03.2019 18:21;08.03.2019 19:21;;0;;;
159;1v1cov8v92qcaitjho02cs5nk3;08.03.2019 18:43;08.03.2019 19:43;;0;;;
160;l60rh90c52ccntoefsf5vu43i0;08.03.2019 20:17;08.03.2019 21:20;MÃ¤nnlich;1991;Bachelor;;
161;0dk9le2sji4seoorfca1km9t61;09.03.2019 09:04;09.03.2019 10:04;;0;;;
162;t2rs433hhr302is6o16o27f4m5;09.03.2019 09:07;09.03.2019 10:07;;0;;;
163;4cg29n8l7hc52p194n7ita14g3;09.03.2019 09:08;09.03.2019 10:08;;0;;;
164;vk0ib2lfb4cu2ofk5ehncsr9d6;09.03.2019 09:15;09.03.2019 10:15;;0;;;
165;nl7ir0eilg4i5ql3hr3k8767o5;09.03.2019 11:01;09.03.2019 12:03;Weiblich;1983;;agree;
166;qtspilkfptanc7cotc7f0jgte2;09.03.2019 11:13;09.03.2019 12:13;;0;;;
167;3pojnuu564konri4q90aksau20;09.03.2019 12:32;09.03.2019 13:32;;0;;;
168;nksuikdfo0m2i5ns4gmvj2klq6;09.03.2019 13:26;09.03.2019 14:26;;0;;;
169;nncnmir97451ungehu581o0a45;09.03.2019 14:05;09.03.2019 15:05;;0;;;
170;01rcql54t6kp9vq2tqlglj04a5;09.03.2019 14:59;09.03.2019 16:01;MÃ¤nnlich;1995;Bachelor;;
171;tullbbn7vue6j7imvjtqmoh3k3;09.03.2019 15:06;09.03.2019 16:06;;0;;;
172;br06eqlf5bpkfh1ahnt1v2bvb1;09.03.2019 15:39;09.03.2019 16:39;;0;;;
173;a43q11afrcsp38artkqf22bm60;09.03.2019 16:08;09.03.2019 17:08;;0;;;
174;q3dj9vg4cri68oo240sg05f5l1;09.03.2019 16:46;09.03.2019 17:46;;0;;;
175;dklksbdn33u1jg2p1r2a3l70v1;09.03.2019 17:40;09.03.2019 18:40;;0;;;
176;fm495cu81tlorqg6ec4ofcev21;09.03.2019 17:48;09.03.2019 18:52;MÃ¤nnlich;1994;;;
177;qrbisd4kh5oq08b0m3ge6trp52;09.03.2019 18:36;09.03.2019 19:36;;0;;;
178;ic4tbjalu375gvqgq19483o6q1;09.03.2019 18:44;09.03.2019 19:44;;0;;;
179;61m4e36bvg9at2scoqougcos16;09.03.2019 19:06;09.03.2019 20:06;;0;;;
180;gkiioi2li6t4meiug7htg31q52;09.03.2019 19:23;09.03.2019 20:25;Andere;1992;Master;;
181;avbqk6qrb7j03voo2bt8a2uhc5;10.03.2019 09:11;10.03.2019 10:11;;0;;;
182;avmgkiksfu492ccim7ts4st363;10.03.2019 09:45;10.03.2019 10:45;;0;;;
183;ugborplrs97hq5gt6hrv43qk62;10.03.2019 11:21;10.03.2019 12:21;;0;;;
184;2h6vsv5hj90kglgnst8us2mpj1;10.03.2019 11:28;10.03.2019 12:28;;0;;;
185;61gr6btntm9tipcvhlq4mnu3f6;10.03.2019 12:04;10.03.2019 13:04;;0;;;
186;9tr89119g29qbtvl12if19uur4;10.03.2019 12:55;10.03.2019 13:55;;0;;;
187;ggasd227pb1pe7km6bdlsl4eg3;10.03.2019 13:08;10.03.2019 14:08;;0;;;
188;qm803kh3kb3efc2msmpa938pc4;10.03.2019 16:20;10.03.2019 17:23;Male;1989;Master;agree;
189;0evt01446e2tnvshl5trg6pla3;10.03.2019 17:28;10.03.2019 18:28;;0;;;
190;l0tr18alpdlcquu00otqgprj74;10.03.2019 17:31;10.03.2019 18:31;;0;;;
191;d3q1t6fbj0e020d5a27g88j410;10.03.2019 17:50;10.03.2019 18:50;;0;;;
192;11mvmsmltr1nub6frag6qu43l1;10.03.2019 19:34;10.03.2019 20:38;Weiblich;1987;Diplom;;
193;gvivfrmg9i8kh7l989pb7q79s7;11.03.2019 10:09;11.03.2019 11:09;;0;;;
194;d066f903k14rla644iqph65o23;11.03.2019 10:23;11.03.2019 11:23;;0;;;
195;n5kttjrh5healdpmi9q991kup2;11.03.2019 10:23;11.03.2019 11:23;;0;;;
196;k416rq7ut79cv6ln7dfjaam7g1;11.03.2019 12:02;11.03.2019 13:02;;0;;;
197;afud0873s8oonb10oftl815j05;11.03.2019 12:15;11.03.2019 13:15;;0;;;
198;117lh5a09d17s74f7cg1ok5ah5;11.03.2019 12:17;11.03.2019 13:17;;0;;;
199;bcep94tchip709g72d2bgie6f5;11.03.2019 12:19;11.03.2019 13:19;;0;;;
200;lk1o6mkqdos42bsn7ho162oks2;11.03.2019 12:19;11.03.2019 13:19;;0;;;
201;c91uqulsqo2dlivhrv16sfltb3;11.03.2019 12:54;11.03.2019 13:54;;0;;;
202;4s6hu4l9e99uv7rmpqjgvsvd46;11.03.2019 13:44;11.03.2019 14:44;;0;;;
203;tp83l6suqmbq69qpnbaqbb42j7;11.03.2019 13:49;11.03.2019 14:49;;0;;;
204;vgkt5dr3msf81qfb28r7im9282;11.03.2019 14:48;11.03.2019 15:48;;0;;;
205;h6acr9f37k636go47309oc4nn1;11.03.2019 14:54;11.03.2019 15:56;Weiblich;1990;Master;;
206;957o6qo19hjmh1tjh3nuol6s72;11.03.2019 15:51;11.03.2019 16:51;;0;;;
207;q7qvss2aoo01vf7b206tvtql15;11.03.2019 16:01;11.03.2019 17:01;;0;;;
208;p3r1a4qiaivc8ou5c0g7glbpe1;11.03.2019 16:07;11.03.2019 17:07;;0;;;
209;ga2prl1u59vnusle91q2stkrk5;11.03.2019 17:09;11.03.2019 18:09;;0;;;
210;5oq1k9q2pghcm2iq1mfbbesla7;11.03.2019 17:35;11.03.2019 18:37;MÃ¤nnlich;1975;;;
211;vhurio9n1a7tmf3av8sbcsnjl5;11.03.2019 18:26;11.03.2019 19:26;;0;;;
212;jd3fku1um0a04t26f2r72ffhm5;11.03.2019 20:19;11.03.2019 21:19;;0;;;
213;aa4gl389c0h80kn35ahk45gle1;11.03.2019 21:48;11.03.2019 22:51;Weiblich;1985;;;
214;amb8jl7jbj0cfas7vjqv2gj387;12.03.2019 07:46;12.03.2019 08:46;;0;;;
215;6qhvmbf22665cs5vqdnmifdhm1;12.03.2019 08:48;12.03.2019 09:48;;0;;;
216;6a20p804lvmqqv4kop4h66jaa0;12.03.2019 08:59;12.03.2019 09:59;;0;;;
217;99ld54gtvnvnodoo9rrqelrfl1;12.03.2019 09:58;12.03.2019 11:00;MÃ¤nnlich;1990;Bachelor;agree;
218;glsd3rhlolp6ihuth3nrfajp74;12.03.2019 11:05;12.03.2019 12:05;;0;;;
219;rgoo363igo714fio8gpcsjuj75;12.03.2019 11:23;12.03.2019 12:23;;0;;;
220;borii9pojpnfkifsuhk4p1qji2;12.03.2019 11:31;12.03.2019 12:31;;0;;;
221;qsvvjapbu3e8pum2npktfuval1;12.03.2019 12:33;12.03.2019 13:36;Weiblich;1981;Fachhochschulabschluss;agree;
222;m3tf4o08neurnomlkhdfasevl1;12.03.2019 12:44;12.03.2019 13:44;;0;;;
223;ve91o5ce60c80cqucuikfu0b94;12.03.2019 12:59;12.03.2019 13:59;;0;;;
224;07ma85nqjr4m5pgqjr1q6ihso2;12.03.2019 13:19;12.03.2019 14:19;;0;;;
225;1na5okjcfhs4t4uj6kfdq57743;12.03.2019 13:32;12.03.2019 14:32;;0;;;
226;uhhfq401f60p4p4tscr3nugb82;12.03.2019 13:40;12.03.2019 14:40;;0;;;
227;ds7fd0le576su20sgtd7uv1m15;12.03.2019 13:50;12.03.2019 14:52;Weiblich;1994;Bachelor;;
228;2l6icdn9gaf0t0mup31b0247u5;12.03.2019 15:11;12.03.2019 16:13;Weiblich;1990;Gymnasium (Abitur);agree;
229;ra91j8ugs4t0dam551jqg162h0;12.03.2019 15:27;12.03.2019 16:28;MÃ¤nnlich;1984;Bachelor;agree;
230;6a2iac59co0admee8t2p5btsb0;12.03.2019 15:40;12.03.2019 16:40;;0;;;
231;82vd78o13mssg7iieldu6hv0p7;12.03.2019 15:52;12.03.2019 16:54;Weiblich;1990;Master;agree;
232;iq4sr3ja446kqujkhhok8vv7j3;12.03.2019 16:00;12.03.2019 17:00;;0;;;
233;q4c78stskfl8adkcdg6btdar35;12.03.2019 16:06;12.03.2019 17:06;;0;;;
234;26stdjtvhcm7g39uqdhc1iedp7;12.03.2019 16:09;12.03.2019 17:09;;0;;;
235;k40lc4cqar6nmt0at1198272p7;12.03.2019 16:15;12.03.2019 17:17;MÃ¤nnlich;1995;Gymnasium (Abitur);;
236;8rsi009bq0h1s91dtsoru68ue1;12.03.2019 16:20;12.03.2019 17:21;Weiblich;1989;Master;agree;
237;02ligpnhmscqdmos4p6msmi6t3;12.03.2019 16:23;12.03.2019 17:26;MÃ¤nnlich;1989;Master;agree;
238;j4r9q6bh75s383dtmur5e05n84;12.03.2019 16:31;12.03.2019 17:31;;0;;;
239;1a69q01kpamktf0077rfl9m817;12.03.2019 16:35;12.03.2019 17:37;Keine Antwort;1989;Diplom;;agree
240;uvajdihqquom34vjitcohob9f0;12.03.2019 16:38;12.03.2019 17:41;Weiblich;1987;Bachelor;;
241;i6939lm7cjpbbvjjt3id5cnio6;12.03.2019 16:44;12.03.2019 17:44;;0;;;
242;mjhhhvq593hcetuh761gvgdi54;12.03.2019 16:47;12.03.2019 17:47;;0;;;
243;ss1qiarc6npkund1r9si2usgq2;12.03.2019 16:51;12.03.2019 17:53;Weiblich;0;Diplom;agree;
244;dio5slnlpd7k3suo346ln3e451;12.03.2019 16:57;12.03.2019 17:57;;0;;;
245;krgdpm3m5p2rk12jrrm9lcd0k3;12.03.2019 17:01;12.03.2019 18:05;Weiblich;1994;Bachelor;;
246;f7i0kf1ii7jemfflugh5uq4go5;12.03.2019 17:09;12.03.2019 18:15;MÃ¤nnlich;1984;Diplom;;
247;9omgssui9a4bkjboh1o5t71kd7;12.03.2019 17:21;12.03.2019 18:21;;0;;;
248;v1hlhaoetm82t4b9kb80rq8do4;12.03.2019 17:23;12.03.2019 18:23;;0;;;
249;296h2k0sth4fhfndtki5nlmig1;12.03.2019 18:47;12.03.2019 19:49;MÃ¤nnlich;1997;Gymnasium (Abitur);;
250;cjlddlcfc8qp10b9qip9ul2f41;12.03.2019 19:09;12.03.2019 20:09;;0;;;
251;avv35j8mccirgctr4gmg3mdag2;12.03.2019 19:10;12.03.2019 20:12;MÃ¤nnlich;1981;Gymnasium (Abitur);agree;
252;jtp74m2afsq90mbclljgd22ng7;12.03.2019 21:07;12.03.2019 22:07;;0;;;
253;6thkriiganhemab1oiddk11ev1;12.03.2019 22:51;12.03.2019 23:51;;0;;;
254;507umrk354335h875du6uhhah1;12.03.2019 23:14;13.03.2019 00:14;;0;;;
255;ol19kvf27al32nt6bci633ng64;13.03.2019 08:03;13.03.2019 09:03;;0;;;
256;8fmq6tvvo7tuuvhea2ne1i5fu1;13.03.2019 08:48;13.03.2019 09:48;;0;;;
257;sqi9uk5efh421mfph5tqrofim6;13.03.2019 08:49;13.03.2019 09:51;Weiblich;1984;Master;;
258;6a4nbn603vpa28ag6iba27fvj2;13.03.2019 09:42;13.03.2019 10:42;;0;;;
259;t32gm2phuubimnnphnukdt5ce7;13.03.2019 10:08;13.03.2019 11:08;;0;;;
260;01pnrlgl4qjai2o7mm0b8hqku1;13.03.2019 12:36;13.03.2019 13:37;Andere;2004;Grund-/Hauptschulabschluss;agree;agree
261;74qb2h3ja1eiq5pl1h9cd1bnm0;13.03.2019 13:18;13.03.2019 14:18;;0;;;
262;hrqefgg7igsb1muh9mhoul0e41;13.03.2019 13:25;13.03.2019 14:28;Weiblich;1996;Bachelor;;
263;f2mq036gad9p8h0h0q9vaej1b3;13.03.2019 13:44;13.03.2019 14:44;;0;;;
264;9v207dqbij5ilfavesrkep7db0;13.03.2019 14:13;13.03.2019 15:13;;0;;;
265;kmpao27bp3tbs70db34pjaveq6;13.03.2019 14:25;13.03.2019 15:25;;0;;;
266;bupkvr1ua8bmf425rvkmcq2g87;13.03.2019 14:34;13.03.2019 15:35;Weiblich;1990;Master;agree;
267;6e5oqcvah8s345j5vod8fbg6d3;13.03.2019 16:37;13.03.2019 17:40;MÃ¤nnlich;1984;Master;;
268;lnt9shbhlmc27km1mqnaljs3d2;13.03.2019 16:41;13.03.2019 17:41;;0;;;
269;e5tkotngb71odie1qb0k3825i4;13.03.2019 17:13;13.03.2019 18:15;Weiblich;1995;;;
270;41r2vjnggl7g94r44lhgi4fvd0;13.03.2019 17:21;13.03.2019 18:21;;0;;;
271;s2k72vqil28btk13ge73ru6ej5;13.03.2019 19:45;13.03.2019 20:47;Female;1995;;;
272;hkiparicdl8khof1bhmdl7hqi5;13.03.2019 20:26;13.03.2019 21:29;Keine Antwort;1994;;;
273;8d7132iq44ee8clvf4fuuq22f3;13.03.2019 21:40;13.03.2019 22:40;;0;;;
274;aun63qm2l8n0hfkp87lnjm9pb3;14.03.2019 09:22;14.03.2019 10:22;;0;;;
275;tuf0lmqc8v0soi7jkp3olee9o6;14.03.2019 10:57;14.03.2019 11:57;;0;;;
276;l806fccbmr8fu8713hgfona4t5;14.03.2019 12:01;14.03.2019 13:01;;0;;;
277;m2po8hbbg95up0mdoab4ljeve1;14.03.2019 12:32;14.03.2019 13:35;Keine Antwort;1992;;;
278;bqbdbmsg1m1oerf9k461svsbh4;14.03.2019 12:40;14.03.2019 13:42;Male;1994;;agree;
279;cautgnmightogqjh4spe784um1;14.03.2019 15:17;14.03.2019 16:17;;0;;;
280;h0en30284hleiih505rjmdt7i3;15.03.2019 10:47;15.03.2019 11:47;;0;;;
281;4ihhem13shaknq2pkvm8pqequ2;15.03.2019 11:36;15.03.2019 12:38;Keine Antwort;1985;Promotion;agree;
282;942lg4i0upd4im2qmlhsiavc64;15.03.2019 12:05;15.03.2019 13:05;;0;;;
283;ia50pitaemj1mu6qln63712804;15.03.2019 12:28;15.03.2019 13:29;Weiblich;1983;Fachhochschulabschluss;;
284;skqjlbq8vj6s8khoop3l58d324;15.03.2019 13:08;15.03.2019 14:10;Weiblich;1980;Master;agree;
285;elv8nud2imrsr68e7879lv7q01;15.03.2019 13:17;15.03.2019 14:17;;0;;;
286;096jf787iekp5e0g7p8oh2ujq6;15.03.2019 14:15;15.03.2019 15:15;;0;;;
287;90qbgbd1km0saour418gvlh9a1;15.03.2019 14:22;15.03.2019 15:22;;0;;;
288;5nlu5uvgrse08iiqps1dmk1pe4;15.03.2019 14:24;15.03.2019 15:24;;0;;;
289;7sdrucq53ar4dt0nqagpv6c456;15.03.2019 15:15;15.03.2019 16:17;Weiblich;1993;Bachelor;;
290;fs9fvquu5j93vjvgeshf90g500;15.03.2019 15:52;15.03.2019 16:52;;0;;;
291;bovqa6ng9po8ngqtkmid2eeq87;15.03.2019 16:13;15.03.2019 17:13;;0;;;
292;mfef165mha6epb0rrct15ggee2;15.03.2019 16:25;15.03.2019 17:25;;0;;;
293;h18ockcdhfvn14aqkuudl7gde0;15.03.2019 16:26;15.03.2019 17:26;;0;;;
294;r4m9ld3l4dna7n57t0mtbbamd4;15.03.2019 16:27;15.03.2019 17:27;;0;;;
295;27vb40u242i30t4bsbe94tvb75;15.03.2019 16:33;15.03.2019 17:33;;0;;;
296;7tm3vsrvk1elcm7u2mov8m3351;15.03.2019 16:36;15.03.2019 17:36;;0;;;
297;4of6kt1t08pinr7mbo4h57mc25;15.03.2019 16:37;15.03.2019 17:37;;0;;;
298;l9ihtbpookeiphb3fhjlqtd8k7;15.03.2019 16:50;15.03.2019 17:50;;0;;;
299;t15p85tjck935np4aeq2eg5423;15.03.2019 16:59;15.03.2019 17:59;;0;;;
300;p90376ri0oa7pe0q3hdmufnhp5;15.03.2019 17:33;15.03.2019 18:33;;0;;;
301;0k61k0di6q0d4kb19udbjkfhj1;15.03.2019 21:06;15.03.2019 22:06;;0;;;
302;sasapdgpcph1etj1ibrna0bu06;15.03.2019 21:07;15.03.2019 22:07;;0;;;
303;7q5srvbrb3s6n1e671h0pu2s94;15.03.2019 21:07;15.03.2019 22:07;;0;;;
304;cf7nm7lqf73utgqitl1o4c8fo7;15.03.2019 21:07;15.03.2019 22:07;;0;;;
305;gr21o4qp753eh6t9m71tglbcl3;15.03.2019 21:08;15.03.2019 22:08;;0;;;
306;8c9856f360g0tooc581nhej8b5;15.03.2019 21:33;15.03.2019 22:35;Male;1998;PhD;agree;agree
307;la0dn6kg7o8fe0t79228mmtlg4;16.03.2019 10:32;16.03.2019 11:32;;0;;;
308;6fgiot52edsrpd1p8haeh4t330;16.03.2019 13:56;16.03.2019 14:56;;0;;;
309;1t4rernfvod0n620g863r04vj0;16.03.2019 14:13;16.03.2019 15:13;;0;;;
310;otpekfocgeofqujl2scpdvj6s4;16.03.2019 14:57;16.03.2019 15:57;;0;;;
311;cdfcql9csvnmns0t644phc62d4;16.03.2019 15:20;16.03.2019 16:20;;0;;;
312;orgd7ok5cup813qeudk0s5pnp7;16.03.2019 15:22;16.03.2019 16:22;;0;;;
313;t4e8pgl85p13pmagver57pdnc3;16.03.2019 16:23;16.03.2019 17:23;;0;;;
314;1l31lphdr2oc5qsrghc4e8tue3;16.03.2019 16:54;16.03.2019 17:54;;0;;;
315;urpvbbueteccq7m8vtbse3i792;16.03.2019 17:30;16.03.2019 18:32;MÃ¤nnlich;1996;Abgeschlossene Ausbildung;;
316;2e5bgdu9pi96d572946eimqj86;17.03.2019 12:21;17.03.2019 13:21;;0;;;
317;r3bm683evkavrdmknsbl2ef2l6;17.03.2019 12:49;17.03.2019 13:49;;0;;;
318;6fa2e72o9c01klkp4q8pnvhub1;17.03.2019 12:49;17.03.2019 13:52;Female;1991;;agree;agree
319;it6987qpb4218h4r256vsjl1n0;17.03.2019 14:22;17.03.2019 15:22;;0;;;
320;7b68df0qaj9mntgkf8cnj1v2g4;17.03.2019 15:30;17.03.2019 16:30;;0;;;
321;k0mmfonqeg2f66qegdtclo6517;17.03.2019 16:28;17.03.2019 17:31;MÃ¤nnlich;1985;Master;agree;
322;ku9hbqldru6aa96t2h5g09pui6;17.03.2019 17:14;17.03.2019 18:14;;0;;;
323;jvlst9ne5gof6nrpajjfn1g9c1;17.03.2019 19:04;17.03.2019 20:07;MÃ¤nnlich;1997;Bachelor;;
324;4vkmifgtpnpv75npirq9h5leh5;18.03.2019 10:21;18.03.2019 11:22;MÃ¤nnlich;1998;Gymnasium (Abitur);;
325;rksp8fbfqam3m1ga1nvsnifkb1;18.03.2019 11:03;18.03.2019 12:03;;0;;;
326;olvqckqp1e1gm1l5k8oe71c510;18.03.2019 12:34;18.03.2019 13:34;;0;;;
327;jv6uc86lhmknlb2ckj91fvbjd2;18.03.2019 12:58;18.03.2019 13:58;;0;;;
328;fpu2hink55mkq5kufh1uvq84e5;18.03.2019 13:27;18.03.2019 14:30;MÃ¤nnlich;1900;Master;agree;agree
329;bmfoelnddr0fjcgr3mk3o524j6;18.03.2019 13:45;18.03.2019 14:47;MÃ¤nnlich;1983;Promotion;agree;
330;krj0af1b6c2193da219htiaj53;18.03.2019 14:17;18.03.2019 15:17;;0;;;
331;rm17qdk4t5r3nrluj6kbd1tn82;18.03.2019 16:07;18.03.2019 17:07;;0;;;
332;muo6fj94utn1e2l8jfoti1nnk4;18.03.2019 16:11;18.03.2019 17:11;;0;;;
333;0ijpg21jkco3lgos0c83nc0h47;18.03.2019 16:52;18.03.2019 17:55;MÃ¤nnlich;1963;Diplom;agree;agree
334;838hv8et3kh8m636ehkgk0tsk1;18.03.2019 17:02;18.03.2019 18:02;;0;;;
335;k73hboqoes0vbffuk9s8pv9um0;18.03.2019 18:37;18.03.2019 19:37;;0;;;
336;q8tm3scdic47gtrq3e0r4l5on0;18.03.2019 19:43;18.03.2019 20:46;Weiblich;0;Gymnasium (Abitur);;
337;a1u07ag3m7ltn0qm803sl9ga12;18.03.2019 20:20;18.03.2019 21:20;;0;;;
338;s8q0t0unhgeh0u24a126armg74;19.03.2019 09:53;19.03.2019 10:55;MÃ¤nnlich;1978;Promotion;agree;
339;0ija78v9g4fueupofs7ulubne1;19.03.2019 10:09;19.03.2019 11:09;;0;;;
340;nek63mi0pnbnvnpoeaqaorp6u7;19.03.2019 12:21;19.03.2019 13:23;MÃ¤nnlich;1949;;agree;
341;kbk3l0tpilok7da1al3h56qfm7;19.03.2019 12:26;19.03.2019 13:26;;0;;;
342;sp61mffud79ro0d6h8apcr9eq1;19.03.2019 12:47;19.03.2019 13:47;;0;;;
343;lcc272gjmfuc439p9rqepkgi15;19.03.2019 13:00;19.03.2019 14:00;;0;;;
344;3ij25ie5up8tfls1jaq56ir4b1;19.03.2019 13:46;19.03.2019 14:46;;0;;;
345;s6uakngl16tdc6m3ufij2vso61;19.03.2019 13:55;19.03.2019 14:59;MÃ¤nnlich;1983;Abgeschlossene Ausbildung;;
346;eegjf4cmpg9smc4iicrh4qvvn1;19.03.2019 14:07;19.03.2019 15:07;;0;;;
347;vdkh33mmualcuviska5jv8p5r5;19.03.2019 14:52;19.03.2019 15:52;;0;;;
348;8tsmsup98s3784u0v9b2qbn553;19.03.2019 15:16;19.03.2019 16:16;;0;;;
349;d7pgrbdcdkkgu6ott961fqndl0;19.03.2019 20:02;19.03.2019 21:05;MÃ¤nnlich;1992;Bachelor;agree;
350;ur72r1rbbdk4hms4cmuev8uo46;20.03.2019 06:46;20.03.2019 07:46;;0;;;
351;tafsudpfp2v8jimvluurl4s0t2;20.03.2019 08:30;20.03.2019 09:30;;0;;;
352;tsgk893hnlrbeqolhscd211ca5;20.03.2019 10:02;20.03.2019 11:03;Weiblich;1995;;;
353;q4ss146ma99qill3fse048grf4;20.03.2019 10:35;20.03.2019 11:37;Weiblich;1986;;agree;
354;9444p84cuvcvk9m0p43b2il8d3;20.03.2019 10:40;20.03.2019 11:40;;0;;;
355;3mfei2mnkhkq6vb0tuhommjhm3;20.03.2019 11:43;20.03.2019 12:46;Weiblich;1966;Anderer;;
356;m55ir5h57teef57gjfrmlce901;20.03.2019 12:01;20.03.2019 13:01;;0;;;
357;cuks3eaaj9njug6v1ikobrmg63;20.03.2019 12:12;20.03.2019 13:12;;0;;;
358;12b0ual665mv8pdcbeqct77ej1;20.03.2019 12:16;20.03.2019 13:16;;0;;;
359;oqidsa67hn199tbtns5kns97h7;20.03.2019 13:28;20.03.2019 14:30;Weiblich;1968;Promotion;agree;
360;upj9vmt28vhl5dabrhqnj8h4u7;20.03.2019 13:57;20.03.2019 15:00;Weiblich;1994;;;
361;cc0b601dtk7ddsh4oksh3p73l1;20.03.2019 14:01;20.03.2019 15:01;;0;;;
362;iurtd6v3dkjprqmnfdf2jpfur0;20.03.2019 14:05;20.03.2019 15:05;;0;;;
363;gn7dagjflfga96uf8l5tmir0p0;20.03.2019 14:17;20.03.2019 15:17;;0;;;
364;blq1aoluup7r2hn89o194vf517;20.03.2019 14:20;20.03.2019 15:24;MÃ¤nnlich;1980;Abgeschlossene Ausbildung;agree;
365;1vcci7u7jcfqjvljmn0n6tm3d2;20.03.2019 14:28;20.03.2019 15:31;;1987;;;agree
366;ic3t3f1o19r68f56psh4o66g14;20.03.2019 14:34;20.03.2019 15:38;;1969;;agree;
367;m6brdav30cm9rkkois19la0ae5;20.03.2019 14:39;20.03.2019 15:39;;0;;;
368;p2gpd4tj959agso14ms88grij5;20.03.2019 14:39;20.03.2019 15:39;;0;;;
369;3n83tgv7jojiksvd6b398fa4l3;20.03.2019 14:52;20.03.2019 15:54;;1978;Promotion;agree;
370;h6nu8dmo82ufp9h38okphh7rf2;20.03.2019 15:25;20.03.2019 16:25;;0;;;
371;mpe2nmfecso5ioelvktp55fnl3;20.03.2019 16:44;20.03.2019 17:44;;0;;;
372;hq0l55u1nhq4n9nl3koi554fo2;20.03.2019 18:29;20.03.2019 19:29;;0;;;
373;960cjugmh2hb4vvrhhapvqoia6;20.03.2019 19:41;20.03.2019 20:44;Weiblich;1991;Promotion;agree;
374;f0aivde9qn8bs7imnnkc24egb4;20.03.2019 20:45;20.03.2019 21:45;;0;;;
375;ivo9r3lk8s9g8nnosibto5rp56;21.03.2019 10:18;21.03.2019 11:19;MÃ¤nnlich;1995;;;
376;of2i8f9n6i8484cj9jqn1ors21;21.03.2019 11:08;21.03.2019 12:08;;0;;;
377;0nphdmjsat7u8rkcgcgh13vfg6;21.03.2019 11:29;21.03.2019 12:29;;0;;;
378;3u3cgvn1jv2q4uh709k7lpnei0;21.03.2019 11:29;21.03.2019 12:32;No answer;1989;PhD;agree;agree
379;0ruldg0nfp658qto2ac3i8idl7;21.03.2019 13:34;21.03.2019 14:34;;0;;;
380;v2th67mh7ojj1a3bvgefb7ffs6;21.03.2019 14:01;21.03.2019 15:01;;0;;;
381;03mlt4gfqvfnrt0d2n6lss99t0;21.03.2019 14:12;21.03.2019 15:12;;0;;;
382;qmb3o2b1po3cp2g8oi87ojbd80;21.03.2019 16:46;21.03.2019 17:46;;0;;;
383;f5i8237ftk4gdi7qgtg496ohl6;21.03.2019 17:40;21.03.2019 18:40;;0;;;
384;h37r18dj88sbntlpqn0659oo36;21.03.2019 20:16;21.03.2019 21:16;;0;;;
385;s99pfshbk6110cq608imbn9t85;21.03.2019 21:32;21.03.2019 22:32;;0;;;
386;ncp4oefqhd7jcmu43vvkq79ma1;22.03.2019 09:55;22.03.2019 10:55;;0;;;
387;djnemo82lb7ln8kreiqh0khck5;22.03.2019 10:19;22.03.2019 11:22;MÃ¤nnlich;1993;Diplom;;
388;8nmd9jqk3b1r2a2l9m828enfv7;22.03.2019 11:36;22.03.2019 12:36;;0;;;
389;bi91kbdhjdum4j53rq20m22555;22.03.2019 14:59;22.03.2019 15:59;;0;;;
390;sbtr8rbadkrnj3rfo94gio8ld1;22.03.2019 15:49;22.03.2019 16:49;;0;;;
391;m7upub2dtp0ek8slv4qso1s4g6;22.03.2019 15:51;22.03.2019 16:51;;0;;;
392;e0tdrleu8rse2dmbr386r28020;22.03.2019 17:17;22.03.2019 18:19;Weiblich;1997;;;
393;k9ddsi7obt78pv2jdr71o0o6n6;22.03.2019 19:16;22.03.2019 20:16;;0;;;
394;h1c3e5pka8pmh2bd85cbsr1c22;22.03.2019 20:09;22.03.2019 21:09;;0;;;
395;dvd43lbnjclpv8vuvhgvc9mme0;22.03.2019 22:32;22.03.2019 23:32;;0;;;
396;855t1dej4bnoilkt72jg773dk0;23.03.2019 10:55;23.03.2019 11:58;MÃ¤nnlich;1967;Diplom;agree;
397;ce5voluuc87ft9h7ol8dkt0nv1;23.03.2019 11:11;23.03.2019 12:11;;0;;;
398;6jf8t30g97dsup91rdd1kckuv3;23.03.2019 14:02;23.03.2019 15:02;;0;;;
399;6lvilef44538vd07pjkv2m8541;23.03.2019 14:20;23.03.2019 15:22;MÃ¤nnlich;1985;Master;agree;
400;g90tk1um7938bq9nuvbcud5fk7;23.03.2019 14:23;23.03.2019 15:23;;0;;;
401;m4t6qj3jc0tgfom8cghdhvqp32;23.03.2019 20:47;23.03.2019 21:49;MÃ¤nnlich;1996;Gymnasium (Abitur);;
402;k0ds630n4mhghdgq0vqphs1uj3;23.03.2019 21:02;23.03.2019 22:02;;0;;;
403;ikjvdo7si70tahh80tt1555o55;24.03.2019 12:58;24.03.2019 14:01;MÃ¤nnlich;1994;Bachelor;;
404;gvobbj67r8jdojvr1if5pdmcp6;24.03.2019 13:25;24.03.2019 14:25;;0;;;
405;ovk23rt6jmtu05rd1ohr2kapb4;24.03.2019 14:28;24.03.2019 15:28;;0;;;
406;a7cdnf998bkacp26hgupu6r4j0;24.03.2019 15:04;24.03.2019 16:04;;0;;;
407;tmenokbqu2kub4g453diqqvoq2;24.03.2019 15:29;24.03.2019 16:35;Male;1979;Master;;
408;q5f6681ave3p113055m6pll1m7;24.03.2019 18:00;24.03.2019 19:00;;0;;;
409;dtf0j81vmlbjvfer3hdtndnk42;24.03.2019 19:56;24.03.2019 20:56;;0;;;
410;has04ooch3ko24nar5cp28t3s6;25.03.2019 14:04;25.03.2019 15:04;;0;;;
411;tmbor4jr6u7nv43dslggcorej2;25.03.2019 14:17;25.03.2019 15:19;MÃ¤nnlich;1997;Bachelor;;
412;6d0jtqhe5276mcv0mal5pic3l7;25.03.2019 15:23;25.03.2019 16:23;;0;;;
413;k4cmj6v729tspc0m2r8nietif2;25.03.2019 16:12;25.03.2019 17:12;;0;;;
414;3h8hah18dc4hhgbr1vrsltglm6;25.03.2019 16:12;25.03.2019 17:12;;0;;;
415;d6v57667116gfmp1i0quvdp030;25.03.2019 16:12;25.03.2019 17:12;;0;;;
416;330s2bvhftv757ki74fldfr6o6;25.03.2019 17:11;25.03.2019 18:11;;0;;;
417;vcge396fgeov4lql3iohnfcqr6;25.03.2019 18:26;25.03.2019 19:29;MÃ¤nnlich;1993;Bachelor;;
418;m3aki8emo4phkn5np868rnnei5;25.03.2019 18:31;25.03.2019 19:34;MÃ¤nnlich;1992;Bachelor;;
419;ip7t2u9vfkt3afb1iljgmuuee1;25.03.2019 19:08;25.03.2019 20:08;;0;;;
420;oec7aff1iof5vmiorvv95j89j3;25.03.2019 19:27;25.03.2019 20:27;;0;;;
421;atljgpvgl08t2lt71ksrkirkl3;26.03.2019 10:59;26.03.2019 11:59;;0;;;
422;ralmpl4kd8bi509fapkuvbpt41;26.03.2019 11:06;26.03.2019 12:09;;1979;;;
423;c0gqnf6mhia8v06a6lagdjr296;26.03.2019 12:58;26.03.2019 13:58;;0;;;
424;p1kecvcf66hfcsa5e6g42d5hq5;26.03.2019 22:11;26.03.2019 23:11;;0;;;
425;31mjrqn4b65622d582694v5gl4;27.03.2019 11:17;27.03.2019 12:20;MÃ¤nnlich;1996;Gymnasium (Abitur);;
426;mi4s70cjuq2v3ajthbutgb7361;27.03.2019 11:29;27.03.2019 12:29;;0;;;
427;0s9fjshh403p15dqodfseiqjo4;27.03.2019 13:04;27.03.2019 14:04;;0;;;
428;prrulm6cs7njqp2upeln5fmmv3;27.03.2019 13:54;27.03.2019 14:54;;0;;;
429;omp0svlmj7f0p99e24ootsnip4;27.03.2019 14:54;27.03.2019 15:54;;0;;;
430;5q26c37ekk7kbuqnbci3pdf4a6;27.03.2019 17:18;27.03.2019 18:18;;0;;;
431;8pj96v5cafi8s0sv6486uvp9k0;27.03.2019 17:21;27.03.2019 18:21;;0;;;
432;6gd5mue2dunuvgtslps46befk4;27.03.2019 18:21;27.03.2019 19:21;;0;;;
433;vbqiij2qhskaj3fe19brs50803;27.03.2019 19:41;27.03.2019 20:41;;0;;;
434;ekjiccugoeuhdoskrlri30b4v7;28.03.2019 16:05;28.03.2019 17:05;;0;;;
435;94cg3cchua34smg7ku0jkbvg44;28.03.2019 16:07;28.03.2019 17:07;;0;;;
436;89lt7vhe7a1f8qrf0psgmoh327;28.03.2019 20:55;28.03.2019 21:55;;0;;;
437;qkjf9f8r1ig1oug7e9aqvgvuf3;28.03.2019 21:19;28.03.2019 22:19;;0;;;
438;u2d9kk6khcv6s3sq4culq13qi3;29.03.2019 10:28;29.03.2019 11:32;Weiblich;1975;;;
439;vhmgl995ebcdvv1kja8u1k4296;29.03.2019 12:19;29.03.2019 13:19;;0;;;
440;ih5o0uf2t7dqrihhs1i9dnvc82;29.03.2019 14:10;29.03.2019 15:10;;0;;;
441;25dhohas5kdh3fbt2rki5pbug0;29.03.2019 15:06;29.03.2019 16:07;Weiblich;1967;;agree;
442;ht53m9libm1cfgnf9r9afi1km1;29.03.2019 15:22;29.03.2019 16:22;;0;;;
443;og2fkp2mvh9btoqotu8e9up1v4;29.03.2019 16:03;29.03.2019 17:07;Weiblich;1994;;;
444;84h4hslpl4oeu04b352ajen8m5;29.03.2019 16:46;29.03.2019 17:46;;0;;;
445;sco04l6rk17d0grfan2chsej03;29.03.2019 18:01;29.03.2019 19:04;MÃ¤nnlich;1999;;;
446;ns5469ktdvauk161jif4sel662;29.03.2019 18:22;29.03.2019 19:22;;0;;;
447;kaa8sdub2psk792360e9iuabh7;29.03.2019 18:51;29.03.2019 19:53;Weiblich;1992;;;
448;sbj3eaqldju4j1q9dpiq5n8va2;29.03.2019 22:07;29.03.2019 23:07;;0;;;
449;5vfgtmede6u3ta5s26j0varrp5;30.03.2019 15:29;30.03.2019 16:29;;0;;;
450;vugu9f0vgfiiau5mrdupgritm0;30.03.2019 17:53;30.03.2019 18:53;;0;;;
451;mng2vu8jvkgu94ihur710ubtk1;31.03.2019 12:56;31.03.2019 14:58;Weiblich;1995;Gymnasium (Abitur);agree;agree
452;3863qb6vihp3osarcmuum9p576;31.03.2019 13:03;31.03.2019 15:03;;0;;;
453;ae14s5md83l0pk091tpj55qf85;31.03.2019 14:54;31.03.2019 16:54;;0;;;
454;anhm52k88bbv4hqbqnmd9e0cl2;31.03.2019 15:12;31.03.2019 17:16;Weiblich;1959;Master;;
455;g8ebth56uq3fneglnuejrqprv4;31.03.2019 15:55;31.03.2019 17:55;;0;;;
456;l79n3oae1kus9tdmg14dv8il26;31.03.2019 18:46;31.03.2019 20:48;Weiblich;1988;Bachelor;agree;
457;uao44sm6pf72q42ngdo1lpicl7;01.04.2019 10:30;01.04.2019 12:30;;0;;;
458;pm65i8dllamgrfn0gtoilj9j80;01.04.2019 11:14;01.04.2019 13:16;MÃ¤nnlich;2000;Gymnasium (Abitur);;
459;1b5urh9fc6vbddt0i4tgpat790;01.04.2019 13:04;01.04.2019 15:06;Weiblich;1993;;;
460;7jdi6i9ibq0h4mick302ddfht6;01.04.2019 14:24;01.04.2019 16:24;;0;;;
461;60ou6ltjfjootki8i7hio2a413;01.04.2019 16:35;01.04.2019 18:35;;0;;;
462;orio1n7osego7vvcnf141saq62;01.04.2019 18:38;01.04.2019 20:38;;0;;;
463;3kb3c5rn0g5ukq5cksg1abbt44;01.04.2019 19:17;01.04.2019 21:20;MÃ¤nnlich;1993;;;agree
464;kupuv3ahg3vkseh3hc0frs63n7;03.04.2019 17:08;03.04.2019 19:09;MÃ¤nnlich;1997;Gymnasium (Abitur);;
465;m91ucunbvf73uea2r4asscrkc3;03.04.2019 20:55;03.04.2019 22:55;;0;;;
466;liedt2mo7qv5dr7guc42trsua7;03.04.2019 21:02;03.04.2019 23:04;MÃ¤nnlich;1993;Bachelor;;
467;klrce33cbgs79bvbic5pbsts27;03.04.2019 21:26;03.04.2019 23:26;;0;;;
468;9ll1cvuhci4aimv3vg6c9pv6i0;04.04.2019 11:56;04.04.2019 13:57;MÃ¤nnlich;1994;Bachelor;;
469;kv66crvm9tpvntk88b6h14ogn0;04.04.2019 13:29;04.04.2019 15:29;;0;;;
470;n74p23587nd3bjb7kk6d3c3dh2;04.04.2019 15:15;04.04.2019 17:15;;0;;;
471;4bs6ihocrusf4m8bq1v7u8eer5;04.04.2019 17:30;04.04.2019 19:30;;0;;;
472;imoa05vrrd2tqrfv2u74n97a73;04.04.2019 22:19;05.04.2019 00:19;;0;;;
473;qctjet87t0rb4nkl27e6lld353;05.04.2019 07:18;05.04.2019 09:21;Weiblich;1981;Master;;
474;7eot86pr8ngudurkg8mro00su6;05.04.2019 08:23;05.04.2019 10:23;;0;;;
475;9scar1tckrqpla585ridulef74;05.04.2019 08:24;05.04.2019 10:24;;0;;;
476;q2tdefmtfdp0a1tq6ltulrcto4;05.04.2019 11:30;05.04.2019 13:30;;0;;;
477;fvqg7i98k1goquab8imqvvc5o2;05.04.2019 13:02;05.04.2019 15:04;MÃ¤nnlich;1992;Diplom;;
478;h39vhdtdjr7ev9khkrkt95kl31;05.04.2019 14:03;05.04.2019 16:03;;0;;;
479;k0q1ic3cdfabj5eisj8182dn17;05.04.2019 14:04;05.04.2019 16:04;;0;;;
480;gb4ebtj6gijc2449oqo4mci232;05.04.2019 14:06;05.04.2019 16:09;Female;1990;;agree;
481;56vvsds66ce4q4fm7ndp8t2ci2;05.04.2019 16:30;05.04.2019 18:30;;0;;;
482;k7brj8pb6v02g20eclia84i1m1;05.04.2019 17:54;05.04.2019 19:56;MÃ¤nnlich;1990;Bachelor;agree;agree
483;n10fi866k9ejommr6equs0ii44;05.04.2019 18:39;05.04.2019 20:39;;0;;;
484;tmh5ssghh0u0rcr5act2auhqd0;06.04.2019 09:43;06.04.2019 11:43;;0;;;
485;0e86c0ai9899jtchi1610rl012;06.04.2019 09:47;06.04.2019 11:47;;0;;;
486;dki3la5tgaqq8plq1m4oc5fpg7;06.04.2019 10:43;06.04.2019 12:43;;0;;;
487;vttjnrbnqsgifsjblgifg86na0;06.04.2019 13:41;06.04.2019 15:41;;0;;;
488;mdpbj96s7varrevu70clh8q495;06.04.2019 16:27;06.04.2019 18:27;;0;;;
489;aheiah1hobf2rrpivnfn5biqd4;06.04.2019 17:10;06.04.2019 19:10;;0;;;
490;i4genm8p5niuk0g6n9gba7ema7;06.04.2019 17:14;06.04.2019 19:16;Weiblich;1983;Promotion;agree;
491;70kh7jrhmfl3ifu61g74g65r92;06.04.2019 19:31;06.04.2019 21:31;;0;;;
492;jou78vqhfpt8en53fjcd2m6vm6;07.04.2019 15:56;07.04.2019 17:56;;0;;;
493;jcm6v93a2o5ifsrufjplk8nj84;07.04.2019 17:31;07.04.2019 19:31;;0;;;
494;hnhc8d23b10dkr4ppron0a5or3;07.04.2019 17:33;07.04.2019 19:39;Weiblich;1992;Bachelor;;
495;vjo3k986ba5gqepjrg4htlvm95;08.04.2019 08:58;08.04.2019 10:58;;0;;;
496;akikcf87oqa6ec37ug5nm9qgk2;08.04.2019 08:58;08.04.2019 11:01;MÃ¤nnlich;1986;;agree;agree
497;3ek9p6g02oltr94d5q388h57e2;08.04.2019 12:05;08.04.2019 14:05;;0;;;
498;cqf4ikhdhuubpg38b6b7ei8n27;08.04.2019 12:49;08.04.2019 14:49;;0;;;
499;771qraql0d4ugjooh92rn1vf73;08.04.2019 12:52;08.04.2019 14:52;;0;;;
500;kuhp5ut41ur14ur3lqd7bp6946;08.04.2019 13:34;08.04.2019 15:34;;0;;;
501;s0sbsh0kdkuojt6pbasopq8qf2;08.04.2019 14:44;08.04.2019 16:46;Male;1989;Master;;
502;okovisgm6muvnu07q2aff4elr2;08.04.2019 15:06;08.04.2019 17:06;;0;;;
503;1da25qkdat0ahsucni29bpetr0;08.04.2019 15:16;08.04.2019 17:19;MÃ¤nnlich;1992;Bachelor;;
504;d5aquuives7aaqranp9u6176t6;08.04.2019 15:20;08.04.2019 17:20;;0;;;
505;fed27ueco3er5lq5qg1rr4m2r1;09.04.2019 10:57;09.04.2019 12:57;;0;;;
506;t8t7dr7reu6qgdht236tiv4pr5;09.04.2019 11:04;09.04.2019 13:04;;0;;;
507;4sfiiqlqhik75a38ikfkgaq2n2;09.04.2019 13:46;09.04.2019 15:46;;0;;;
508;psofk13n3k1nok6v2r322eo702;09.04.2019 16:14;09.04.2019 18:14;;0;;;
509;23d7ckkf22cm6ia3b47j6b18l5;09.04.2019 16:52;09.04.2019 18:53;MÃ¤nnlich;1984;Master;agree;
510;m13d63vt4j8kda4hqea5kgq1u2;09.04.2019 19:40;09.04.2019 21:40;;0;;;
511;o2q1ir65jq50gppem17g640ge3;10.04.2019 02:29;10.04.2019 04:29;;0;;;
512;2at0rlnvdgqrrjms0ctsvrn254;10.04.2019 07:47;10.04.2019 09:47;;0;;;
513;hserlv1lftaq5dt392benivlv0;10.04.2019 09:13;10.04.2019 11:13;;0;;;
514;2anpmb8remrr8v567idjkqi2d2;10.04.2019 10:59;10.04.2019 12:59;;0;;;
515;pk1dt87dvmon6g118em5jpmnm0;10.04.2019 12:18;10.04.2019 14:20;MÃ¤nnlich;1990;Bachelor;;
516;p1rhms767d38vpfamrv0tampe5;10.04.2019 12:22;10.04.2019 14:24;Weiblich;1992;Master;agree;agree
517;e4ra0mlc71huusanj2s8d7jr27;10.04.2019 12:27;10.04.2019 14:27;;0;;;
518;cqimurpt2m6sf29e047sldkvd1;10.04.2019 12:29;10.04.2019 14:29;;0;;;
519;qp7h98lk28o34q3j9985t09ih0;10.04.2019 13:36;10.04.2019 15:37;Keine Antwort;1923;Grund-/Hauptschulabschluss;agree;agree
520;6v2u94ibe6hr7i500pqrv7dp54;11.04.2019 08:11;11.04.2019 10:11;;0;;;
521;bslv2avqmihjk04f9p72hhka06;11.04.2019 08:18;11.04.2019 10:18;;0;;;
522;qglk6gslu3vpe0lfjc74t93kn7;11.04.2019 08:55;11.04.2019 10:55;;0;;;
523;riqfehn6cbpkrp4ir5736lde67;11.04.2019 09:26;11.04.2019 11:26;;0;;;
524;lus7svrp14sl3lm9gsoe8tdmq6;11.04.2019 09:38;11.04.2019 11:38;;0;;;
525;qdjarpdq154mr20dlm2uu344u0;11.04.2019 09:41;11.04.2019 11:43;Weiblich;1977;Master;;agree
526;t1rukrk62j7l04prgjpluv2ir1;11.04.2019 09:44;11.04.2019 11:46;Weiblich;1993;Bachelor;;
527;sfq3eemaagi4kivjvdm4ehpt95;11.04.2019 09:57;11.04.2019 11:58;Weiblich;1985;Master;;
528;3cjupikrgl9qlvrqt1f3pm48j7;11.04.2019 10:03;11.04.2019 12:03;;0;;;
529;t8hl09neu4khu8891gj96mc102;11.04.2019 10:15;11.04.2019 12:15;;0;;;
530;0i7au17611r6dv733kth6d8fc3;11.04.2019 11:01;11.04.2019 13:03;Weiblich;1988;Master;;
531;0f7e3ohvr6tpjbat9qcd6of6j4;11.04.2019 11:04;11.04.2019 13:06;MÃ¤nnlich;1981;Diplom;;
532;bi5r3emrbsnumc4ub97uvfesh5;11.04.2019 13:31;11.04.2019 15:34;MÃ¤nnlich;1996;Bachelor;;
533;838e9k1eu5gpl5ahblg2o7tmo0;11.04.2019 13:55;11.04.2019 15:57;MÃ¤nnlich;1987;Bachelor;;
534;8s2u23v75lk5b0tj42l8rqor81;11.04.2019 14:21;11.04.2019 16:21;;0;;;
535;apj7im93l4m85dri634iaktkv4;11.04.2019 19:12;11.04.2019 21:14;MÃ¤nnlich;1993;Bachelor;;
536;djlavvbrcmam6o36c6uees2tt2;11.04.2019 19:45;11.04.2019 21:45;;0;;;
537;9gg437kqptl70g9kcmcaa2cde0;12.04.2019 10:14;12.04.2019 12:14;;0;;;
538;6rj6gsk8euurs2op6d5hm9lnh1;12.04.2019 12:29;12.04.2019 14:29;;0;;;
539;ilohb90ft0fjd4a9flii6vl4b3;12.04.2019 13:01;12.04.2019 15:04;MÃ¤nnlich;1990;Master;agree;
540;v1ddu4h9o6h0pam9tu7a0ek7u7;12.04.2019 18:02;12.04.2019 20:04;Weiblich;1999;Gymnasium (Abitur);;
541;dctbopc6l2873ga5dlvvrvui35;12.04.2019 19:10;12.04.2019 21:11;Andere;1998;Gymnasium (Abitur);;
542;f87uale745els4tgkog8v7d0p4;12.04.2019 19:22;12.04.2019 21:22;;0;;;
543;p1jahvpdretrujgvtja52rpfr6;13.04.2019 11:04;13.04.2019 13:04;;0;;;
544;k9q12g8s2v6iranosn0lq2mnv5;13.04.2019 13:12;13.04.2019 15:12;;0;;;
545;al8j8e35friq2d7h7auccb55h5;13.04.2019 13:38;13.04.2019 15:39;Weiblich;1990;Master;agree;
546;n27v7fam5a3eht46553ig554s5;13.04.2019 13:48;13.04.2019 15:48;;0;;;
547;740r9pk00r9nff525na75brap7;13.04.2019 14:14;13.04.2019 16:14;;0;;;
548;e6fbpdnqga6s6src4beidbl4r3;13.04.2019 14:15;13.04.2019 16:15;;0;;;
549;0kjv66a5dbop8fg1g4cfvh0u54;13.04.2019 14:15;13.04.2019 16:15;;0;;;
550;2j8u2b33f6ge27jd9v74qb7ip5;13.04.2019 17:06;13.04.2019 19:06;;0;;;
551;ecpa4f0190vevuukiugmtjqdr7;13.04.2019 17:55;13.04.2019 19:57;MÃ¤nnlich;1993;Bachelor;;
552;uvik5sune3gct7o7700d5sooh6;14.04.2019 09:21;14.04.2019 11:21;;0;;;
553;nbl82er2prplogqv5o1opmjlg5;14.04.2019 11:38;14.04.2019 13:40;MÃ¤nnlich;1992;Bachelor;agree;
554;htldj9ippb1571m6fmlhfrbkb1;14.04.2019 12:24;14.04.2019 14:24;;0;;;
555;69rf7uvm6habnl5v80i994n991;14.04.2019 12:28;14.04.2019 14:30;Weiblich;1983;Gymnasium (Abitur);;
556;80nu5k3dsiaj3ordlh9rb5q7s3;14.04.2019 12:52;14.04.2019 14:54;Weiblich;2001;Kein Schulabschluss;;
557;a5soehdkn0013a66lq9nmm6cl6;14.04.2019 14:17;14.04.2019 16:18;Weiblich;1992;Master;;
558;1pi1ct8rtvd5bi7kofpkni5lu5;14.04.2019 14:35;14.04.2019 16:35;;0;;;
559;t3lc3i5sfibus9gk3lp05ev9g6;14.04.2019 17:34;14.04.2019 19:34;;0;;;
560;1i01cp8p0gm8hbrml2pq2f2a86;14.04.2019 19:07;14.04.2019 21:07;;0;;;
561;7egh9jp50n04gfs0207tf3raj5;15.04.2019 12:13;15.04.2019 14:13;;0;;;
562;9ab2pr4pj8jutjrpdsc34s52a4;15.04.2019 13:23;15.04.2019 15:23;;0;;;
563;dcei72ptit84ha51qtv0ckrrj7;15.04.2019 14:12;15.04.2019 16:12;;0;;;
564;kdt4hot57t1tqiqiurh8iuffe4;15.04.2019 14:36;15.04.2019 16:37;Female;1992;Bachelor;;
565;ntk3pcs0bi8j6atulaodfajto1;15.04.2019 14:58;15.04.2019 16:58;;0;;;
566;9ea0jn0rmgljbp5gt918dscr16;15.04.2019 16:05;15.04.2019 18:07;Weiblich;1986;Master;;
567;1njd2tf1310l1gcqdgn03677e0;15.04.2019 17:20;15.04.2019 19:22;Male;1992;Master;agree;
568;grh527d38evno11g0ep7fcus01;15.04.2019 18:42;15.04.2019 20:42;;0;;;
569;3c8lumob3jp1j6dd1j0fj7ghj7;15.04.2019 19:25;15.04.2019 21:25;;0;;;
570;04dpi8d5k5q3tp7jhc37qihhq6;15.04.2019 19:37;15.04.2019 21:37;;0;;;
571;3cskci746nsquagf9abtp6hrl7;15.04.2019 20:14;15.04.2019 22:14;;0;;;
572;3av1pdbqbmvn4v23c69kqu7se0;16.04.2019 11:41;16.04.2019 13:41;;0;;;
573;5r2e7408688at2hqfjdk4rvm06;16.04.2019 12:16;16.04.2019 14:19;Weiblich;1962;Diplom;;
574;h4au0uea597hbbch0bfre6ph56;16.04.2019 12:21;16.04.2019 14:21;;0;;;
575;0csee1pbegteepc93joorqq9v5;16.04.2019 12:24;16.04.2019 14:24;;0;;;
576;7oaeekhro56b5qbbsg8shd8d63;16.04.2019 12:36;16.04.2019 14:36;;0;;;
577;t5bb5jl6q5bs3bsj7ld45h5hi6;16.04.2019 13:19;16.04.2019 15:22;Weiblich;0;Diplom;;
578;2n42n6b4mhvgh5u8bgkl6s9i64;16.04.2019 13:30;16.04.2019 15:32;MÃ¤nnlich;1983;Master;;
579;4oe9lqo4rs0682jjt1te3k5q63;16.04.2019 13:35;16.04.2019 15:35;;0;;;
580;sc9hkfvet2fgj6mt8svung5rg2;16.04.2019 13:36;16.04.2019 15:38;MÃ¤nnlich;1997;Gymnasium (Abitur);;
581;1q7at7gm842ppj6p8ebvh7ejj3;16.04.2019 13:38;16.04.2019 15:39;MÃ¤nnlich;1996;Gymnasium (Abitur);;
582;0vs1a67jd5ubu393gripfd4706;16.04.2019 13:40;16.04.2019 15:40;;0;;;
583;cv967o9fluaidbabrlob2sinq0;16.04.2019 13:44;16.04.2019 15:44;;0;;;
584;3ff61l7ntt2sjtjb5ae2husmt3;16.04.2019 13:46;16.04.2019 15:49;Weiblich;1961;Promotion;agree;
585;e09uk347qi5gi1i942gubgf8p3;16.04.2019 13:50;16.04.2019 15:51;Weiblich;1993;Bachelor;;
586;ot3samc71qi3nq3vrdga9tmrm0;16.04.2019 13:53;16.04.2019 15:53;;0;;;
587;q0u2r65c1tukkmhksstk42iqp1;16.04.2019 13:58;16.04.2019 15:58;;0;;;
588;15dvvdje0r82nvutss5ul3f270;16.04.2019 14:00;16.04.2019 16:02;Weiblich;1998;Gymnasium (Abitur);;
589;accf5e5q0um027mlnif96duto5;16.04.2019 14:03;16.04.2019 16:04;Weiblich;1993;Gymnasium (Abitur);;
590;l3hogh38firn2smesln6ajaqg2;16.04.2019 14:06;16.04.2019 16:06;;0;;;
591;kdskpamq2jur4vbe3b164dfbb4;16.04.2019 14:10;16.04.2019 16:11;Andere;1904;Kein Schulabschluss;;agree
592;gg9ghael4olk9j95lrhq8iiq63;16.04.2019 15:19;16.04.2019 17:19;;0;;;
593;6u3rkmtpfa0qq4bbrqh006li45;16.04.2019 16:26;16.04.2019 18:26;;0;;;
594;ru4gn4nucsd0jitcmuvgbroor6;16.04.2019 16:40;16.04.2019 18:40;;0;;;
595;fg297iaui0i14e9d9fc1cgnlv7;17.04.2019 14:07;17.04.2019 16:07;;0;;;
596;tnhhle3pjbtprnubs0rpshhjn6;17.04.2019 17:04;17.04.2019 19:04;;0;;;
597;0di18q39234m6tmkevmfr6vnr2;17.04.2019 17:48;17.04.2019 19:49;Andere;1990;Master;agree;agree
598;t0a2q2589g2kbn29iuoh5qk3a7;17.04.2019 21:04;17.04.2019 23:04;;0;;;
599;v22ackt55m2poltk4rjk0bd5l3;18.04.2019 06:36;18.04.2019 08:36;;0;;;
600;f2u8m9gnk1eqqtoughsb0qats3;18.04.2019 06:41;18.04.2019 08:41;;0;;;
601;6sll2lfe47trfbmh84gjphfjn0;18.04.2019 11:33;18.04.2019 13:33;;0;;;
602;k1pfuo2f43hrhiulqf26rb3mi3;18.04.2019 13:17;18.04.2019 15:17;;0;;;
603;20psmqmbah5nchin64733vcar1;18.04.2019 13:45;18.04.2019 15:45;;0;;;
604;uni1n60q86b4rbl0dijk2mpdv7;18.04.2019 18:14;18.04.2019 20:14;;0;;;
605;g1sek2s80s2l3hraicd8qqhbl5;18.04.2019 18:41;18.04.2019 20:41;;0;;;
606;e58p50tahnljovri8gcfm7keq4;20.04.2019 09:01;20.04.2019 11:01;;0;;;
607;9uf0jrsathkaf5su6mcvepir97;20.04.2019 10:18;20.04.2019 12:18;;0;;;
608;sh2tkdni1vlhcq2a74ca8b9vr3;20.04.2019 12:38;20.04.2019 14:38;;0;;;
609;hf6dng9kib57dco1a4n1oeblt2;20.04.2019 14:56;20.04.2019 16:56;;0;;;
610;2c8vlhfs5q51fkl90g1ffedic4;20.04.2019 15:03;20.04.2019 17:03;;0;;;
611;p23vqh91h4r21kh8bahqkp5p76;20.04.2019 16:29;20.04.2019 18:29;;0;;;
612;ap628q8f2ldl62f87stuft0r84;20.04.2019 16:30;20.04.2019 18:30;;0;;;
613;fvbd367173eoku4gr52sdkbc96;20.04.2019 18:00;20.04.2019 20:03;MÃ¤nnlich;1996;Master;agree;
614;o87vbvoknrpr0vknvlp21tjip7;22.04.2019 06:18;22.04.2019 08:18;;0;;;
615;fv4casnens5mnde373hjhtl9t4;23.04.2019 09:05;23.04.2019 11:08;Weiblich;1988;Diplom;;
616;pbaa4e71886ck6qhsnganc7745;23.04.2019 09:09;23.04.2019 11:09;;0;;;
617;p2im1j1814ekpaltjn58okopk0;23.04.2019 09:13;23.04.2019 11:15;MÃ¤nnlich;1987;Fachhochschulabschluss;;
618;iabtimm750ps4vomsrcmkjb6e0;23.04.2019 10:18;23.04.2019 12:18;;0;;;
619;dl78i4cojjcqme4oj32hrtfc32;23.04.2019 10:19;23.04.2019 12:19;;0;;;
620;b29qarn4drv91l6e5fp8brd0q4;23.04.2019 10:19;23.04.2019 12:19;;0;;;
621;666o6jqc90nulqgvui2tu21r46;23.04.2019 10:43;23.04.2019 12:43;;0;;;
622;g3gis568tp2vhu52rla4teogf0;23.04.2019 11:20;23.04.2019 13:22;MÃ¤nnlich;2001;Gymnasium (Abitur);;
623;nnmea1c9mu553tubn7ifakant4;23.04.2019 12:55;23.04.2019 14:55;;0;;;
624;pvd4f5bij36v4kpmq6eho2er32;23.04.2019 13:29;23.04.2019 15:29;;0;;;
625;o6unnfert6403u6jrno47i8lt1;24.04.2019 10:35;24.04.2019 12:37;Weiblich;1995;Bachelor;;
626;lufivpn6fpvkfka14f0468lcu3;24.04.2019 11:14;24.04.2019 13:18;MÃ¤nnlich;1991;Abgeschlossene Ausbildung;;
627;v31ec3cd9cdp19fu93rkn69qm2;24.04.2019 11:28;24.04.2019 13:31;MÃ¤nnlich;1991;Master;;agree
628;2rlutlu70urq8rnr7ae7488eh3;24.04.2019 11:32;24.04.2019 13:32;;0;;;
629;qo50l59fmq287qu09t69vf3jr0;24.04.2019 11:56;24.04.2019 13:56;;0;;;
630;l2vm853qkfvuvp4f5ai63cd2i0;24.04.2019 13:04;24.04.2019 15:04;;0;;;
631;pggg36qjlipguhfhjbnbih13i3;24.04.2019 14:03;24.04.2019 16:04;MÃ¤nnlich;1990;Master;agree;agree
632;03aal6ggjqre8m75986233stm0;24.04.2019 14:30;24.04.2019 16:30;;0;;;
633;robe0kch8keh506hljhphqh537;24.04.2019 14:30;24.04.2019 16:30;;0;;;
634;oneplrjj7rqgt15egvosqe78n7;24.04.2019 14:55;24.04.2019 16:58;;1993;;;agree
635;jldii4i3spfkguldb5muva60q7;24.04.2019 15:59;24.04.2019 17:59;;0;;;
636;2617vvl5i0ed15i889lm05r5r4;24.04.2019 17:04;24.04.2019 19:04;;0;;;
637;olm7ajc5vj2a92m9pga8qnqtc4;24.04.2019 17:21;24.04.2019 19:21;;0;;;
638;sk5tk5u4qtgssfc1mpuovjqud3;24.04.2019 17:49;24.04.2019 19:49;;0;;;
639;deltmnia4o87fbcvbuqh9p9171;24.04.2019 19:53;24.04.2019 21:53;;0;;;
640;9ogu78rstbljob600ojo4d0ll5;25.04.2019 08:49;25.04.2019 10:49;;0;;;
641;t9qs9rsjd5ug06f9otfnq5rmh0;25.04.2019 09:08;25.04.2019 11:08;;0;;;
642;4hvi2qg9i6plabum528dpcv830;25.04.2019 09:24;25.04.2019 11:24;;0;;;
643;bp2it6fptseeeltt79pol64da3;25.04.2019 10:24;25.04.2019 12:26;MÃ¤nnlich;2002;Gymnasium (Abitur);;
644;qgafi0m6193nm6pttlmev9ri94;25.04.2019 11:48;25.04.2019 13:50;Weiblich;1992;Bachelor;;
645;e5pu98lhb2pqovj0kbh25ac4n6;25.04.2019 13:16;25.04.2019 15:16;;0;;;
646;fmt5htpgb6u9d384f60fhpdnk7;25.04.2019 14:50;25.04.2019 16:52;Weiblich;1990;Master;agree;
647;olg8q3k85hhfttcb09rrl4uun6;25.04.2019 14:52;25.04.2019 16:54;MÃ¤nnlich;1995;Bachelor;agree;
648;3j9dg6j09ahm7pbp7o8u6lad97;25.04.2019 20:26;25.04.2019 22:26;;0;;;
649;v546req6l455fdghtab0o4ksv3;26.04.2019 09:04;26.04.2019 11:04;;0;;;
650;8ntika0nqr8d4hdoi21leg5892;26.04.2019 11:14;26.04.2019 13:14;;0;;;
651;g0cvm09bq8fthkokdlunjbtb23;26.04.2019 13:27;26.04.2019 15:27;;0;;;
652;6s6hiofgr9seqtma5lklnui287;26.04.2019 19:55;26.04.2019 21:55;;0;;;
653;6s4pu7cfbi7iv06ko2hmnebeo0;27.04.2019 12:35;27.04.2019 14:35;;0;;;
654;9q1qcls9mf86tna56somcc4iq2;27.04.2019 16:06;27.04.2019 18:06;;0;;;
655;v6o5tucjhau0to3o41roin4de1;27.04.2019 17:38;27.04.2019 19:38;;0;;;
656;vkt3cq8dr77h4ochj8dgckpsj5;28.04.2019 11:55;28.04.2019 13:55;;0;;;
657;r58mt0bjp9rpqnhkt3kb7urfg2;28.04.2019 13:56;28.04.2019 15:58;MÃ¤nnlich;1988;Promotion;agree;
658;3g3q939vqd1lvaahv6jecho200;28.04.2019 16:02;28.04.2019 18:02;;0;;;
659;kbi1kq9qotmlu5995jtl2u9b82;28.04.2019 16:05;28.04.2019 18:05;;0;;;
660;46pshkdkr1mmg1mb5pbgag4ot0;28.04.2019 17:21;28.04.2019 19:23;MÃ¤nnlich;1994;Gymnasium (Abitur);;
661;6ap57up5g3ijovhm9i3fvfqo32;28.04.2019 17:55;28.04.2019 19:58;Weiblich;1971;Master;agree;
662;mpfvlcbje6tj040kp5124peq95;28.04.2019 18:55;28.04.2019 20:55;;0;;;
663;8vn81cre2vitkik654aijmhn00;03.05.2019 08:08;03.05.2019 10:10;Keine Antwort;1994;Abgeschlossene Ausbildung;;agree
664;457mvgmjaj28f6cdhialodmc86;03.05.2019 08:11;03.05.2019 10:12;Weiblich;1990;Bachelor;;
665;1hr33j9d521c2fefovd5fbo3b6;03.05.2019 08:22;03.05.2019 10:22;;0;;;
666;q7a44dird5n5qvsr834uahjdv7;03.05.2019 08:31;03.05.2019 10:33;MÃ¤nnlich;1995;Gymnasium (Abitur);;
667;lf5r1fmpublcso0r49dv4ub1p5;03.05.2019 08:36;03.05.2019 10:38;MÃ¤nnlich;1955;Promotion;agree;
668;956o4jc2sgvnjje4r8ncrfmd17;03.05.2019 08:39;03.05.2019 10:39;;0;;;
669;lr94ftj6j093237rkid27pdbg2;03.05.2019 08:43;03.05.2019 10:43;;0;;;
670;5kc3n61vkgd8vgbf7shmf63nj2;03.05.2019 08:51;03.05.2019 10:51;;0;;;
671;phb66vas7foh9jm7o25a9db456;03.05.2019 09:04;03.05.2019 11:05;MÃ¤nnlich;1982;Bachelor;;
672;vleisa2gl8aifl6u3g39ibqf64;03.05.2019 09:08;03.05.2019 11:09;Andere;1998;Gymnasium (Abitur);;agree
673;96a35dgbsopno88j88jk5g8e82;03.05.2019 12:46;03.05.2019 14:46;;0;;;
674;hun910q9cffa7t1dgqa7c4d4t1;03.05.2019 13:03;03.05.2019 15:06;Weiblich;1961;Master;agree;
675;rgmv80pm5nehfr97i0lahdijh1;03.05.2019 13:33;03.05.2019 15:33;;0;;;
676;ih30kh0r8utgojp57tqk6pegh5;03.05.2019 15:08;03.05.2019 17:08;;0;;;
677;cc63o55eec0acu7v8lc9p886v2;03.05.2019 15:40;03.05.2019 17:40;;0;;;
678;6bedpoekt2v14ivufbvt41sb42;03.05.2019 16:19;03.05.2019 18:20;MÃ¤nnlich;1991;Master;;
679;tv0i320363bd7gg7qha9ffrnm6;03.05.2019 17:15;03.05.2019 19:15;;0;;;
680;of52uhpefqqgj1qotpvoc62mj3;04.05.2019 12:08;04.05.2019 14:08;;0;;;
681;k7v020e5irpe3gm0fltd3oorg6;04.05.2019 13:49;04.05.2019 15:52;Weiblich;1989;Master;agree;
682;5md5g13q8fr41evntj983cs1d0;04.05.2019 14:02;04.05.2019 16:02;;0;;;
683;phrk4prql8r53hotqi0qi2j1t1;04.05.2019 14:31;04.05.2019 16:31;;0;;;
684;cgsta4f7tl4humgreju09e4ue7;04.05.2019 15:29;04.05.2019 17:29;;0;;;
685;mvijqeovcst3djuamuhr1kg4f2;05.05.2019 09:43;05.05.2019 11:43;;0;;;
686;ournea17h5sde71gc9ov2ldck0;05.05.2019 10:08;05.05.2019 12:09;Weiblich;1995;Fachhochschulabschluss;;agree
687;tgq0eietmkti261m0up1cg7037;05.05.2019 12:43;05.05.2019 14:45;MÃ¤nnlich;1997;Grund-/Hauptschulabschluss;agree;agree
688;1sga611rvs7df9rf8a7ts3cu95;05.05.2019 12:58;05.05.2019 14:58;;0;;;
689;mute70n57m6utsvhqdig9jj9e3;05.05.2019 13:04;05.05.2019 15:06;MÃ¤nnlich;1993;Master;agree;
690;15roemmkavpftgfr6efsra6l13;05.05.2019 13:11;05.05.2019 15:11;;0;;;
691;jft0ar3thlp3o5vab5jaeqp6a4;05.05.2019 15:21;05.05.2019 17:21;;0;;;
692;siinepa5e19v0ft5s2920pt4h0;05.05.2019 15:37;05.05.2019 17:37;;0;;;
693;0fusdi8h1qiiskm59lh7aq1i16;05.05.2019 15:55;05.05.2019 17:55;;0;;;
694;9dd2itemuu6to18r6b24m76v94;05.05.2019 17:02;05.05.2019 19:04;MÃ¤nnlich;1999;Promotion;agree;agree
695;n2mm25sv6f8k7vf7qr9btrg514;05.05.2019 17:05;05.05.2019 19:08;;1989;;agree;
696;oggmhet3e1ds2l7toqf9vgv6r2;06.05.2019 10:49;06.05.2019 12:49;;0;;;
697;9kffd77bp4fetp0c5r8jv2k733;06.05.2019 10:53;06.05.2019 12:53;;0;;;
698;ifvrrm09e656lkhcq797bkmvr4;06.05.2019 11:33;06.05.2019 13:37;Female;1983;;agree;agree
699;3ivnot5hqfiegoesjagvtivha7;06.05.2019 11:39;06.05.2019 13:43;Female;1959;PhD;agree;agree
700;utflo7934pq03e2qgcikre6fj5;06.05.2019 11:48;06.05.2019 13:50;;0;;agree;agree
701;p5qeebdpi9p8slub0rg04hsic5;06.05.2019 11:54;06.05.2019 13:56;;1998;Master;;
702;v7vr79vvtsrvn7c0549bgn2aq7;06.05.2019 15:57;06.05.2019 17:59;Weiblich;0;Master;;agree
703;br4b2s0fneto18bnmdka93vvn2;06.05.2019 16:13;06.05.2019 18:13;;0;;;
704;oe911i0sffid30kp12v2cv92p2;06.05.2019 16:13;06.05.2019 18:14;MÃ¤nnlich;1998;Gymnasium (Abitur);;
705;qdekj6j6jo9k3iff0vf86t1qv1;06.05.2019 16:18;06.05.2019 18:18;;0;;;
706;m8hk4uq47hmu9sur69p8cet253;07.05.2019 07:56;07.05.2019 09:57;Male;1977;PhD;agree;
707;8m32e6h1ie3m5i285cf1sthso5;07.05.2019 11:17;07.05.2019 13:20;Weiblich;1988;Bachelor;;
708;co6b80me2131h2h2k8g1orpe77;07.05.2019 13:17;07.05.2019 15:17;;0;;;
709;dob44ofqa05j6ge89q1usacbo5;07.05.2019 13:17;07.05.2019 15:17;;0;;;
710;qkc5l93l6k9mjolnsoe3nea7r1;07.05.2019 16:08;07.05.2019 18:11;Andere;1999;Grund-/Hauptschulabschluss;agree;agree
711;5c3r3ejgdc2v04uvfam7vibdn4;08.05.2019 08:46;08.05.2019 10:46;;0;;;
712;cgs4q948r5f17nl2coiuqes2v0;08.05.2019 11:52;08.05.2019 13:52;;0;;;
713;t64j8pghnc286qg86sbl8e0o63;08.05.2019 13:52;08.05.2019 15:52;;0;;;
714;4gpbiftivqilg36g9ifscrgad0;09.05.2019 09:29;09.05.2019 11:29;;0;;;
715;rk08p0rvnm87hasc0ioie6cau2;09.05.2019 10:20;09.05.2019 12:20;;0;;;
716;3g03ana73sbfbalvqkhhtuv3p2;09.05.2019 15:32;09.05.2019 17:32;;0;;;
717;do9ipk4q12jj6jdb979adhog31;09.05.2019 15:45;09.05.2019 17:45;;0;;;
718;8ga7ql91h3s5mm854ih1t1opn6;10.05.2019 06:39;10.05.2019 08:41;Weiblich;1991;;;
719;khn7q5imudkd9t6n4uusa7krt5;10.05.2019 17:04;10.05.2019 19:04;;0;;;
720;2m1upuq1hahb9qr7mk3dg2be01;10.05.2019 17:22;10.05.2019 19:22;;0;;;
721;vv1agkuv6oh40di1qt4dfrdh94;10.05.2019 20:44;10.05.2019 22:44;;0;;;
722;k1e2krq3oj7c79jc87turdc5q6;11.05.2019 11:08;11.05.2019 13:08;;0;;;
723;3510mbsttuon8pvvm5ft53tio6;11.05.2019 13:11;11.05.2019 15:11;;0;;;
724;pa6b6n5clh2c3in0u6nqr6hbd2;11.05.2019 18:40;11.05.2019 20:42;Keine Antwort;0;Diplom;;
725;r9uj4rnhmd1pnkrhfsv1mvk7h3;11.05.2019 20:03;11.05.2019 22:03;;0;;;
726;caio6jc7hue2lli7kc6mjm6l67;12.05.2019 11:08;12.05.2019 13:11;MÃ¤nnlich;1991;Gymnasium (Abitur);;
727;igphbgcs3mll5e65veeltfqp40;12.05.2019 16:23;12.05.2019 18:23;;0;;;
728;8j2qs4hhrs7r6oetlif67kvlp1;12.05.2019 18:34;12.05.2019 20:34;;0;;;
729;1llotgqlsqjkva1b8fs4dd1ub4;12.05.2019 18:52;12.05.2019 20:52;;0;;;
730;l009c3lposla37sfvjk1u9sf05;13.05.2019 09:17;13.05.2019 11:17;;0;;;
731;2afaetn7r66pud7dlkcqs5nos3;13.05.2019 09:26;13.05.2019 11:26;;0;;;
732;1u6ahmmbh5pfpdreohhhi8qjp5;13.05.2019 11:59;13.05.2019 13:59;;0;;;
733;ddpro5qko3b9lpoe5foevqfbq7;13.05.2019 14:50;13.05.2019 16:50;;0;;;
734;r1tcg5l6esrgad3oesu2guhh21;13.05.2019 16:38;13.05.2019 18:42;Weiblich;1967;;;
735;aivf05mfdotufdtiquvckf0to6;14.05.2019 06:49;14.05.2019 08:49;;0;;;
736;vk1mil32lfci3phbnkcv7cr3r3;14.05.2019 09:51;14.05.2019 11:51;;0;;;
737;jph1okdor97ted0qfck9ca88d6;14.05.2019 11:58;14.05.2019 13:58;;0;;;
738;pvqqp697rtk9nhhfn1kjkhg4j5;14.05.2019 12:11;14.05.2019 14:11;;0;;;
739;erfqr1nmr29bvpdh7edu1n0nv6;14.05.2019 12:52;14.05.2019 14:52;;0;;;
740;us7ognm9lj48fds44i5cuc8gs3;14.05.2019 13:15;14.05.2019 15:15;;0;;;
741;d6a4864e0n6d6n6cgctv4s5sq0;14.05.2019 17:58;14.05.2019 19:58;;0;;;
742;cop1dpigrk3j40cj4edfstret1;14.05.2019 18:05;14.05.2019 20:05;;0;;;
743;imk395fqgml2a6v25pd7pl2tf7;14.05.2019 18:05;14.05.2019 20:05;;0;;;
744;3e0p9e4m4ponpggon50qctl916;15.05.2019 08:27;15.05.2019 10:29;MÃ¤nnlich;1997;;;
745;bid85e689gkdi1oqt7pefs6pa1;15.05.2019 08:35;15.05.2019 10:37;Weiblich;2000;Gymnasium (Abitur);;
746;iub3ajole9d2jg6hsvd5kusdd6;15.05.2019 10:12;15.05.2019 12:14;MÃ¤nnlich;1987;;;agree
747;poakgthgtf1qtp2hf3mccr2q84;15.05.2019 10:32;15.05.2019 12:35;Weiblich;1975;;agree;
748;4q3dkueiolfa5rrth259d2rlo5;15.05.2019 11:14;15.05.2019 13:15;Keine Antwort;0;;agree;
749;dt5hsmhjg7r7nh86v2sci86gk2;15.05.2019 15:24;15.05.2019 17:24;;0;;;
750;hiel8fb908484388mogp4c0ke5;15.05.2019 17:08;15.05.2019 19:10;Weiblich;1993;Abgeschlossene Ausbildung;;
751;3vmrispj7isrrdjlarlolc5q75;15.05.2019 17:11;15.05.2019 19:11;;0;;;
752;tl0nstnmur3ukqaert0vfcmus1;15.05.2019 17:13;15.05.2019 19:13;;0;;;
753;acsgd261j04fsk82k5qp69bf16;15.05.2019 17:13;15.05.2019 19:13;;0;;;
754;07m8f85t7f1u3gr0b1tlhgr7a3;15.05.2019 17:20;15.05.2019 19:23;Weiblich;1990;Gymnasium (Abitur);;
755;i5u3hsau2er2i7r1f4uh2g06o0;15.05.2019 17:24;15.05.2019 19:24;;0;;;
756;abpars6bh0poeu3d52ek89dsh2;15.05.2019 18:24;15.05.2019 20:24;;0;;;
757;fufk4deehj7hpf5c9m87eam2u1;15.05.2019 21:43;15.05.2019 23:43;;0;;;
758;pv2e58dpdtehrqu4hva5pjrdf3;16.05.2019 07:20;16.05.2019 09:22;Weiblich;1999;Gymnasium (Abitur);;
759;sim9c6hcv63o7dju8n8urgltp6;16.05.2019 10:08;16.05.2019 12:08;;0;;;
760;uengn84u2r1dd7qlr70eqsnv44;16.05.2019 10:22;16.05.2019 12:24;MÃ¤nnlich;1978;Diplom;agree;
761;a1pvv12rcdd6omrs71qhmvkl37;16.05.2019 10:25;16.05.2019 12:27;;1973;Diplom;agree;
762;lk44bnptjdkkivlgasfa77idv3;16.05.2019 10:30;16.05.2019 12:32;Weiblich;1964;;;agree
763;u7s7p2ih9k0cil7bi97qgvacv2;16.05.2019 10:43;16.05.2019 12:49;Weiblich;1995;Fachhochschulabschluss;;
764;hthr900m5rltrkhc8he94clif7;16.05.2019 10:50;16.05.2019 12:50;;0;;;
765;v9hkhsk6pjoum30j2s10gl7rs6;16.05.2019 10:52;16.05.2019 12:52;;0;;;
766;an3fde0ciqaveo80ih3o89pha3;16.05.2019 10:53;16.05.2019 12:53;;0;;;
767;ht3rqgimi185jugs9fbgbv7f85;16.05.2019 10:55;16.05.2019 12:55;;0;;;
768;ccrl84ngufgnuc0pk1d8rlmoq4;16.05.2019 10:58;16.05.2019 12:58;;0;;;
769;ogcm9oqofbhvh5eo4sfqsh8fe7;16.05.2019 12:16;16.05.2019 14:18;Weiblich;1991;Realschule (Mittlere Reife);;
770;0j56tunur5u3msubcc4nuo19k1;16.05.2019 12:42;16.05.2019 14:42;;0;;;
771;lp6vi6nantijvlvp6q1nf0a772;16.05.2019 12:47;16.05.2019 14:47;;0;;;
772;caati7rppliepa8v0bfsakilh3;16.05.2019 12:49;16.05.2019 14:49;;0;;;
773;a4av5pi5p96bidhsv3112hu9c6;16.05.2019 12:56;16.05.2019 14:56;;0;;;
774;1targad7c7jqobnadg9oghrsh2;16.05.2019 13:08;16.05.2019 15:10;Keine Antwort;1992;Master;;
775;f20k6kjf5gvpan7msqa9tlvfl1;16.05.2019 13:51;16.05.2019 15:51;;0;;;
776;mc5o93akq6venu6ep7cuqk4o91;16.05.2019 15:44;16.05.2019 17:44;;0;;;
777;vgltvqgr7jofvf3javdqt6qig6;17.05.2019 07:33;17.05.2019 09:33;;0;;;
778;qid7c3r54ksqegi9ki9hgi43d0;17.05.2019 10:16;17.05.2019 12:16;;0;;;
779;78107ftbh0iriknfpb9g562pi7;17.05.2019 10:41;17.05.2019 12:41;;0;;;
780;8ooh1gtqb577g0nls5pce3mqv1;17.05.2019 11:32;17.05.2019 13:32;;0;;;
781;ibk38bvd0p90e986v10ps4dl12;17.05.2019 11:40;17.05.2019 13:40;;0;;;
782;tn3om4qgf469gi5o93dor4ttj5;17.05.2019 11:44;17.05.2019 13:44;;0;;;
783;1i9oiu4a250ftj6dufqhn9iig2;17.05.2019 14:18;17.05.2019 16:20;Andere;1992;Master;agree;
784;uleg18548l1bf6ssjam03hf5u7;17.05.2019 15:00;17.05.2019 17:00;;0;;;
785;jla153tk1u52ji0cjajnqdsba7;18.05.2019 08:45;18.05.2019 10:45;;0;;;
786;ug0o314cn3ntvdcegl7hvb6s01;18.05.2019 11:25;18.05.2019 13:25;;0;;;
787;gmgg8l5go37o5k4tfo5ahto205;18.05.2019 12:20;18.05.2019 14:20;;0;;;
788;p5irm162g8umv5n2bjg72712p2;18.05.2019 12:32;18.05.2019 14:32;;0;;;
789;lfnth9dqudfdjiisnua17jogi0;18.05.2019 15:49;18.05.2019 17:49;;0;;;
790;nmmp51m71q04q8cfhuabse7rr0;18.05.2019 15:49;18.05.2019 17:53;Weiblich;2001;;agree;agree
791;fo2lt9i4qvbebfu3q5htkb9156;18.05.2019 15:54;18.05.2019 17:54;;0;;;
792;67ork46hnqh0hh6noqrg4etse1;18.05.2019 18:20;18.05.2019 20:20;;0;;;
793;j1es4e7hmc782mgb0gjdqvqda7;19.05.2019 09:17;19.05.2019 11:21;MÃ¤nnlich;1970;Realschule (Mittlere Reife);;
794;n9sc03a6ks1olmvmj3ihbm37r7;19.05.2019 11:37;19.05.2019 13:37;;0;;;
795;5h4q7i8rpmocvl03bu924fr1r1;19.05.2019 11:42;19.05.2019 13:42;;0;;;
796;ge4d1r6b6bc9fhud6gc5k8eh50;19.05.2019 14:50;19.05.2019 16:50;;0;;;
797;8m2vbn5ov662vtbf9dl2eh8kr1;19.05.2019 20:00;19.05.2019 22:00;;0;;;
798;c6epoea0erd35ifd8spk4p0mm6;19.05.2019 20:11;19.05.2019 22:11;;0;;;
799;e7vemk6un0ns0r481d3bd52dp2;19.05.2019 20:12;19.05.2019 22:12;;0;;;
800;683gd0fufhu89ag3ot8dkmm664;20.05.2019 07:56;20.05.2019 09:56;;0;;;
801;ssjjamjj646ihpser4d64hesf5;20.05.2019 08:25;20.05.2019 10:27;MÃ¤nnlich;1993;Master;;
802;npbnp1hiuo3aeudj3nfh043f55;20.05.2019 10:10;20.05.2019 12:12;MÃ¤nnlich;1991;Master;;
803;hejvqige5c7a5i5nv9m851h3c3;20.05.2019 11:03;20.05.2019 13:05;Weiblich;0;Diplom;agree;
804;rrct80rlqnen9o2mn413jl3652;20.05.2019 11:06;20.05.2019 13:06;;0;;;
805;jvnusoe26jd4c9c88k7eqj3493;20.05.2019 11:24;20.05.2019 13:24;;0;;;
806;8puurpf3qs2ft7d243ge0d4bf2;20.05.2019 11:35;20.05.2019 13:38;Weiblich;1971;Master;agree;
807;6ggg5vekit69a3t82k4isjv3t5;20.05.2019 11:39;20.05.2019 13:39;;0;;;
808;d140g82j5ur5pkeq07fqidp8j1;20.05.2019 13:18;20.05.2019 15:20;Weiblich;1991;Master;;
809;8vg4g7t7t4bl91t1vubggp7r53;20.05.2019 15:15;20.05.2019 17:15;;0;;;
810;ucvldos16d8uc0id039qff3b74;20.05.2019 15:21;20.05.2019 17:21;;0;;;
811;t9leggnnibh6se5sqpp5p7fsh3;20.05.2019 15:25;20.05.2019 17:25;;0;;;
812;889hicdnl8ng3h1j6v15i25u30;20.05.2019 15:59;20.05.2019 17:59;;0;;;
813;sltojvvfbk4cmgnljd4ocinr44;20.05.2019 16:23;20.05.2019 18:25;Weiblich;1968;Master;agree;
8,14E+02;e44519bqtlhjebgma1arg31fv1;20.05.2019 16:27;20.05.2019 18:29;Weiblich;1982;Master;agree;
815;6hf34j8pqd2rf1r63u52mash43;20.05.2019 18:31;20.05.2019 20:31;;0;;;
816;qesncpjf07jgo9jsgnikbi30o1;21.05.2019 07:24;21.05.2019 09:27;Weiblich;1962;;;
817;hb6haopkpbpl10kmoc0b0kn9r3;03.06.2019 13:25;03.06.2019 15:28;Weiblich;1960;Master;agree;
818;i9c3769fsgotgssa90bo6ircr0;03.06.2019 13:59;03.06.2019 16:03;Weiblich;1962;Diplom;;
819;j5bb31d2nrhi8olk92d9d4omm3;05.06.2019 14:31;05.06.2019 16:31;;0;;;
820;t4jekor8rqdkle9efv88cbgqr7;13.06.2019 12:22;13.06.2019 14:22;;0;;;
821;9rm8kq44dl7fqmm495mfrq5cf7;13.06.2019 12:23;13.06.2019 14:23;;0;;;
822;d5jf7rabupmmoitt2sp8r1jg10;13.06.2019 12:23;13.06.2019 14:23;;0;;;
823;s64id7b89kes5o6jrdult981i0;13.06.2019 12:55;13.06.2019 14:55;;0;;;
824;m2vqtnldsadphs7id7g55pjbe1;25.06.2019 14:26;25.06.2019 16:28;MÃ¤nnlich;1986;Abgeschlossene Ausbildung;agree;
825;4ueo06vs195jje1vrkptth2s34;25.06.2019 14:28;25.06.2019 16:28;;0;;;
826;j9a12m78s2oqpsti28pi3dik81;25.06.2019 14:39;25.06.2019 16:39;;0;;;
827;r7qnrjghvcquog21s93sv0h1o0;25.06.2019 14:45;25.06.2019 16:47;Weiblich;1963;Master;agree;
828;3mru2fc9iar87v28fsmp9flnl4;26.06.2019 12:10;26.06.2019 14:11;MÃ¤nnlich;1970;Master;;agree
829;bijgqrqs57j60glegbrii9gf95;26.06.2019 12:12;26.06.2019 14:12;;0;;;
830;ona5r6s85i3cetvv172275bc32;26.06.2019 14:11;26.06.2019 16:12;Weiblich;1997;Gymnasium (Abitur);;
831;egpcch750fdbr7ihpjl1gbrfa7;26.06.2019 14:13;26.06.2019 16:15;Weiblich;1996;Gymnasium (Abitur);;
832;o9oj7le4rh1igdnvloc86bmnm1;26.06.2019 14:16;26.06.2019 16:18;Weiblich;1998;Gymnasium (Abitur);;
833;kp1b95r41dft98gnb4m6nlr781;26.06.2019 14:19;26.06.2019 16:21;Keine Antwort;0;Diplom;agree;
834;8t2foskhv5616revljjoa263s3;26.06.2019 14:24;26.06.2019 16:27;Weiblich;1999;Fachhochschulabschluss;;
835;g1hsms2v7lkiikodhul1pfnfs2;26.06.2019 14:28;26.06.2019 16:28;;0;;;
836;o70krjf0vj8gp3ppqrrjkt4ci3;26.06.2019 14:28;26.06.2019 16:30;MÃ¤nnlich;1996;Abgeschlossene Ausbildung;;
837;i38qiuse11unad9elp30n1o1b3;26.06.2019 14:31;26.06.2019 16:33;Weiblich;1993;Fachhochschulabschluss;;
838;b8n9d9ubqsuk0puf4kng3ou435;26.06.2019 14:35;26.06.2019 16:36;MÃ¤nnlich;1993;Realschule (Mittlere Reife);;
839;ke8gdi3pdgmt0rmmlq3tb29ql5;27.06.2019 11:09;27.06.2019 13:09;;0;;;
840;8g7p14lqg4anejihtk91fdsre3;05.07.2019 12:59;05.07.2019 15:02;MÃ¤nnlich;1980;Promotion;agree;
841;vj8o67i5boga58ipffaai4psc1;10.07.2019 08:32;10.07.2019 10:32;;0;;;
842;urgcn14sue79ke7qkgrfssh7t4;10.07.2019 08:44;10.07.2019 10:45;MÃ¤nnlich;1970;Gymnasium (Abitur);;
843;6osm78dk17un90aqcb8bju2an7;10.07.2019 11:37;10.07.2019 13:38;MÃ¤nnlich;1900;Kein Schulabschluss;;
844;b4v4e8e5m27b3t9dno327o52f4;12.07.2019 10:32;12.07.2019 12:32;;0;;;
845;24brmq4ffele7bnlenitik5p22;16.07.2019 10:49;16.07.2019 12:50;MÃ¤nnlich;1990;Master;;
846;mqgne6gp3cdktssctemf8m3e83;16.07.2019 10:51;16.07.2019 12:54;MÃ¤nnlich;1985;Promotion;agree;
847;e6gdko9kfma00th3vfpa038ft7;20.07.2019 08:33;20.07.2019 10:36;MÃ¤nnlich;1975;Promotion;agree;
848;ajtsuclqj8etm5nsbiab33vv33;28.07.2019 12:55;28.07.2019 14:55;;0;;;
849;b1ligugjgsq4humq92ql7cht52;31.07.2019 12:27;31.07.2019 14:29;Weiblich;1996;Bachelor;;
850;kmrr5n8v5ipgp2bkj1lihk1if5;31.07.2019 14:42;31.07.2019 16:44;Weiblich;2002;Realschule (Mittlere Reife);;
851;oc5v6kgufc3juq91rbopcj1tt3;06.08.2019 09:02;06.08.2019 11:04;MÃ¤nnlich;1989;Bachelor;agree;
852;sr70970e0k0vrck7i8kmgf3kr3;07.08.2019 14:23;07.08.2019 16:23;;0;;;
853;rkadr1igjgges0iqa5dvu8bv10;08.08.2019 08:10;08.08.2019 10:10;;0;;;
854;drr1355ol0n2574e5526jgpkv7;08.08.2019 11:50;08.08.2019 13:50;;0;;;
855;g6je54cm2pd6maq06497eil821;08.08.2019 14:15;08.08.2019 16:17;MÃ¤nnlich;1970;Promotion;agree;
856;9qrspqnb2s24rrsop6c0qll125;12.08.2019 08:44;12.08.2019 10:47;Weiblich;1980;Anderer;;agree
857;iv34budo7d7kop0l15emr2l4q7;12.08.2019 09:33;12.08.2019 11:35;MÃ¤nnlich;1967;Master;agree;
858;t0vto1gl8cvh60mk9m7tmc5cb7;12.08.2019 10:34;12.08.2019 12:36;MÃ¤nnlich;1962;Promotion;agree;
859;eoqb2p49ihkrg7kmht8jr90026;12.08.2019 12:21;12.08.2019 14:22;Weiblich;1994;Bachelor;;
860;b994svvb01tpuj0eap2oih17s1;12.08.2019 13:09;12.08.2019 15:09;;0;;;
861;r8f70oqfi2lavqs0eesol6bro6;12.08.2019 13:09;12.08.2019 15:09;;0;;;
862;0s1dq93h82nmn2eam4uhbp4r11;13.08.2019 14:33;13.08.2019 16:33;;0;;;
863;nebpc0f4bvbt0bpnov4gvf2d41;14.08.2019 09:44;14.08.2019 11:47;MÃ¤nnlich;2004;Grund-/Hauptschulabschluss;;agree
864;qp8d762s58h1smb0isl8v44975;19.08.2019 13:48;19.08.2019 15:48;;0;;;
865;tg1q4580ui7h38ospoi1u17id7;22.08.2019 13:46;22.08.2019 15:46;;0;;;
866;33boc0ou3gbv5180j8p6qe7435;27.08.2019 13:03;27.08.2019 15:04;MÃ¤nnlich;1977;Promotion;agree;agree
867;gdlio49v44c8ihnms3h5am0c25;05.09.2019 09:53;05.09.2019 11:56;Weiblich;1965;Master;;agree
868;03remavmqoub14vr9e819bt970;09.09.2019 08:13;09.09.2019 10:14;Weiblich;1992;Bachelor;;agree
869;p2fhr3v7kooh6u7su7c5qip891;09.09.2019 10:02;09.09.2019 12:02;;0;;;
870;g6hpii8v1peldmpk0kd0tt94j1;09.09.2019 13:44;09.09.2019 15:47;MÃ¤nnlich;1965;Diplom;;
871;m60s32tk42lm6eiqj5fldlp2o5;09.09.2019 14:16;09.09.2019 16:16;;0;;;
872;ftp4isorm4nlv6sr10er8lgka6;10.09.2019 07:38;10.09.2019 09:40;Weiblich;1986;Master;;
873;eg0ck39hj5bjnp3aicro8jji54;10.09.2019 08:25;10.09.2019 10:25;;0;;;
874;6kgmokpqdvbfcba49rmsq2kuc3;10.09.2019 08:45;10.09.2019 10:48;MÃ¤nnlich;1953;Promotion;agree;
875;9otb7han52daikar7on95dci81;10.09.2019 08:52;10.09.2019 10:55;MÃ¤nnlich;1958;Gymnasium (Abitur);;
876;qrek91v6tshl6hm84kvnpa9dc1;10.09.2019 12:26;10.09.2019 14:28;MÃ¤nnlich;2000;Gymnasium (Abitur);;
877;g9bca86sv1hg46mpemu4qb8lv3;10.09.2019 13:47;10.09.2019 15:49;Weiblich;1971;Diplom;;agree
878;eme52cvboh6g4f553r35aso7t6;10.09.2019 13:50;10.09.2019 15:50;;0;;;
879;5iiv3kjtgrur2jc3848b5bdjn7;10.09.2019 15:33;10.09.2019 17:33;;0;;;
880;cggn9eisou5sbi6vi3a9jfg645;11.09.2019 07:24;11.09.2019 09:25;MÃ¤nnlich;1982;Promotion;agree;agree
881;a2cgo14v1dnvdlsac7av87b2c3;11.09.2019 07:43;11.09.2019 09:45;Weiblich;1985;Master;agree;
882;okjgn2hape6iuv5b3n17j2uql7;11.09.2019 08:23;11.09.2019 10:24;MÃ¤nnlich;1976;Gymnasium (Abitur);;
883;91sbbcdgq1raib3slk62d5pn33;11.09.2019 08:25;11.09.2019 10:28;MÃ¤nnlich;1986;Master;;
884;ldh6ln948vu611t18qs3a9vmk2;11.09.2019 08:29;11.09.2019 10:31;Weiblich;1988;Bachelor;;agree
885;tihnakfnoi3k3ihvb8kei81pt4;11.09.2019 08:32;11.09.2019 10:35;MÃ¤nnlich;1975;Diplom;;
886;9721qj0a1u8gt9nh6pu62bd464;11.09.2019 08:35;11.09.2019 10:35;;0;;;
887;gfkjlcpro70iouek82mk3ogi60;11.09.2019 08:38;11.09.2019 10:41;MÃ¤nnlich;1999;Bachelor;;
888;qd07bmt8229ossn576j3mt3sv6;11.09.2019 09:39;11.09.2019 11:39;;0;;;
889;fnpa85jr5cftei0p4q6dgar0g3;11.09.2019 10:52;11.09.2019 12:52;;0;;;
890;q8c4gvdijai4vvi79fk6q07u15;11.09.2019 13:44;11.09.2019 15:44;;0;;;
891;h78jpegbh4kpnduov973s2dqs7;11.09.2019 13:56;11.09.2019 15:58;Weiblich;1965;Promotion;agree;
892;n54m0dvqdrjrm1ngcbccn0k1n1;11.09.2019 13:59;11.09.2019 16:01;Keine Antwort;0;Diplom;;
893;fi5r3tcui3tu1raj671ag81nm5;11.09.2019 14:37;11.09.2019 16:39;MÃ¤nnlich;1977;Promotion;agree;
894;alk6qf10d2b0uq5hcpp2ucrq15;11.09.2019 14:45;11.09.2019 16:46;MÃ¤nnlich;1985;Promotion;agree;agree
895;u6sbq6i635buekppfklinjap21;11.09.2019 15:03;11.09.2019 17:05;Weiblich;1988;Promotion;agree;
896;5dankr1ef2q64n218egl40ofm6;12.09.2019 10:35;12.09.2019 12:37;Weiblich;1988;Diplom;;
897;d8aoig13qnubimsiquhjhcdor2;12.09.2019 10:40;12.09.2019 12:42;Weiblich;1985;Master;;
898;7gbr19d1kjfir0hnnlqrl8brt3;12.09.2019 10:48;12.09.2019 12:50;MÃ¤nnlich;1980;Diplom;agree;
899;4th4cgqgnmbairn08d19eoafq2;12.09.2019 12:45;12.09.2019 14:47;MÃ¤nnlich;1984;Promotion;agree;
900;mlgaf8knkpg2e8l4191dtkbne5;14.09.2019 14:33;14.09.2019 16:33;;0;;;
901;1kvt0icadr78ng6dhf7vmigqu4;15.09.2019 12:45;15.09.2019 14:45;;0;;;
902;hc0jakq1hcvc2r2j7261rckci7;15.09.2019 12:45;15.09.2019 14:45;;0;;;
903;ma09jhhgruprf8o16knlbl1fj5;15.09.2019 13:15;15.09.2019 15:17;Weiblich;1983;Promotion;agree;
904;ghb30csn10r6kbrtk15dq3fh61;16.09.2019 09:19;16.09.2019 11:21;Female;1988;Other;agree;agree
905;61c0drkr8bhkp2irvls1l4fs13;17.09.2019 09:03;17.09.2019 11:03;;0;;;
906;3qp34bvijfck7n5n50oqkjssj4;17.09.2019 14:44;17.09.2019 16:46;MÃ¤nnlich;1974;Diplom;;
907;vn1jhmmr4nusv1rkn7kifl3od2;18.09.2019 10:49;18.09.2019 12:50;MÃ¤nnlich;1982;Promotion;agree;
908;djfetheum0m2uad2g26qp9nt85;18.09.2019 11:14;18.09.2019 13:14;;0;;;
909;rurvo8qk7rh4qfpfq566utb1r7;18.09.2019 11:28;18.09.2019 13:32;MÃ¤nnlich;1958;Diplom;;
910;e9mv4hmfq8qlneqblokt3fbdo7;18.09.2019 13:15;18.09.2019 15:17;Weiblich;2003;Gymnasium (Abitur);;
911;obgtnpqcm7mp3pinrcvskqltc1;18.09.2019 14:04;18.09.2019 16:04;;0;;;
912;4ts8rcet5huu222kf1ckssojk1;18.09.2019 14:06;18.09.2019 16:06;;0;;;
913;8f5k9vnkccdjbsg01722q93dj1;18.09.2019 14:25;18.09.2019 16:25;;0;;;
914;a0jfokpedhgae2aucmoqh65ei0;22.09.2019 07:34;22.09.2019 09:34;;0;;;
915;56e5sabn7tp15b20avps0sfb73;24.09.2019 12:06;24.09.2019 14:06;;0;;;
916;uiauaa2h897r7n3s7i47mho4g1;24.09.2019 13:31;24.09.2019 15:31;;0;;;
917;akoukdqdum4o7lpp6i9nmm8066;25.09.2019 09:34;25.09.2019 11:39;Weiblich;2003;Realschule (Mittlere Reife);;
918;s0gps6ls4of7ca8ccgv6qi6on7;25.09.2019 09:41;25.09.2019 11:41;;0;;;
919;kts7g4hj90dmbddmebegl1out6;25.09.2019 09:42;25.09.2019 11:47;Weiblich;0;Realschule (Mittlere Reife);agree;agree
920;p4aovpspasv05eebph29mq5le7;25.09.2019 14:04;25.09.2019 16:05;MÃ¤nnlich;1964;Diplom;;
921;2rpiru50tf2p32am56bdq613k6;26.09.2019 08:52;26.09.2019 10:52;;0;;;
922;1me7thfm9evd2ccs3qnjv7nom0;26.09.2019 08:55;26.09.2019 10:55;;0;;;
923;cspbkc4s5mtod0jglr6tovnla5;26.09.2019 09:01;26.09.2019 11:04;Weiblich;1989;Abgeschlossene Ausbildung;;
924;if7hd0t5ht6os6jd665lfgis63;26.09.2019 09:06;26.09.2019 11:08;Weiblich;1994;Bachelor;;
925;ol60ucoo4dmgs8823cqoeej9d4;26.09.2019 09:10;26.09.2019 11:10;;0;;;
926;qlcf17alfn33oa5jmkdf6u4v92;26.09.2019 09:13;26.09.2019 11:13;;0;;;
927;1ihahfau299iot0mlk0b3r09l1;26.09.2019 09:19;26.09.2019 11:24;Weiblich;1967;Diplom;agree;
928;5iduft8kjcb1cje92s5062s5o5;26.09.2019 09:24;26.09.2019 11:24;;0;;;
929;hnrbcmtdde16dg6pq5qg170dj3;26.09.2019 09:25;26.09.2019 11:25;;0;;;
930;kh2c6dnbsbaksih2ahod9ojg75;26.09.2019 09:28;26.09.2019 11:28;;0;;;
931;i958mbq9u4pl33dljfv9679d87;26.09.2019 09:33;26.09.2019 11:33;;0;;;
932;ijf3lr14m0u6de35dm3v8q6t12;26.09.2019 09:36;26.09.2019 11:39;Weiblich;1982;;agree;
933;omu60a831u9tn153r7rfo1gnn2;26.09.2019 15:58;26.09.2019 17:58;;0;;;
934;5ev2tt03sm0ljvtgdbs3cmotn5;26.09.2019 16:16;26.09.2019 18:16;;0;;;
935;k7eka911fek56qkgtjlsueqoi6;26.09.2019 16:18;26.09.2019 18:18;;0;;;
936;8q5vikk3vun0hf5o1lqm3phm62;26.09.2019 16:27;26.09.2019 18:27;;0;;;
937;0ik1o4ud1up5479f0blhblaq52;26.09.2019 16:47;26.09.2019 18:47;;0;;;
938;os0l40kslfmshi5t5qcihd3dj2;26.09.2019 16:51;26.09.2019 18:51;;0;;;
939;jtgb4n54hjgv8guhmn15klclq5;26.09.2019 17:02;26.09.2019 19:05;;0;;agree;agree
940;21n14b91bchtrhgnhccsdtb681;30.09.2019 10:29;30.09.2019 12:29;;0;;;
941;bn1ql4vpjpbi5q9mlt3pf6h466;30.09.2019 15:17;30.09.2019 17:17;;0;;;
942;k6l78aut1opv3et3pgvgimjv76;01.10.2019 13:28;01.10.2019 15:28;;0;;;
943;ruhk36b19ej8ait58n3272jgd7;04.10.2019 06:28;04.10.2019 08:28;;0;;;
944;86bh2ra717oq03fbjtulfhjfa4;04.10.2019 06:28;04.10.2019 08:28;;0;;;
945;l8vvlc6bv326ojcmqkar9r0494;07.10.2019 06:27;07.10.2019 08:27;;0;;;
946;epcbm7aiuek4tsedrvc8oh0631;07.10.2019 17:38;07.10.2019 19:41;Andere;1932;Promotion;agree;
947;6b5ak0b9bd4ujmr93fv85kiuc2;08.10.2019 08:57;08.10.2019 10:57;;0;;;
948;o61gkhe9ntvjfmgng5vp4p2a66;09.10.2019 14:20;09.10.2019 16:20;;0;;;
949;i36a5c0rrvpcr61tvgdkm4fnl3;09.10.2019 14:45;09.10.2019 16:49;MÃ¤nnlich;1964;Master;agree;
950;k1dcgu71trnoht82j3pm14aec2;11.10.2019 10:57;11.10.2019 12:57;;0;;;
951;b3il1b9nnnndu5ipfvk19stb23;15.10.2019 10:36;15.10.2019 12:36;;0;;;
952;0ul9dirlno3gt675m4qmn62pa0;17.10.2019 08:47;17.10.2019 10:47;;0;;;
953;0knoc5259m02hpdpk0ce6a56g1;21.10.2019 15:08;21.10.2019 17:08;;0;;;
954;ignjkfnu4bj7g21pa3933r8k22;21.10.2019 15:09;21.10.2019 17:12;Weiblich;1954;Diplom;agree;
955;3b7gqllelm4bu3a8ud52211ut5;21.10.2019 15:20;21.10.2019 17:20;;0;;;
956;u9180ssbbbpidiulu98ovolfm1;21.10.2019 15:20;21.10.2019 17:20;;0;;;
957;7vc9b17fos2e21ivjqvtq1jjv0;21.10.2019 15:36;21.10.2019 17:36;;0;;;
958;k6cmubep91t0tbdjf72eihmli7;21.10.2019 15:49;21.10.2019 17:51;Weiblich;1968;Master;agree;
959;fqgiskqqe32ic8jge00og77de0;21.10.2019 17:13;21.10.2019 19:15;Weiblich;1996;Fachhochschulabschluss;;
960;hfuo2ll7s5m7k7du9h1knljlp6;21.10.2019 17:27;21.10.2019 19:29;Weiblich;1998;Gymnasium (Abitur);;
961;cvqhotq136j4q5ivc0v6vb7hc5;21.10.2019 17:32;21.10.2019 19:34;Weiblich;1957;Fachhochschulabschluss;;agree
962;t6lrudcvtufoolu04u3tsdv4f3;21.10.2019 20:17;21.10.2019 22:17;;0;;;
963;n55jl284udoffk058r724gv8q2;24.10.2019 08:07;24.10.2019 10:09;Weiblich;1997;Gymnasium (Abitur);;
964;0q9g53mdudc5pgdku8ovvrdik5;24.10.2019 08:13;24.10.2019 10:17;MÃ¤nnlich;1985;Gymnasium (Abitur);;
965;ivkom857t2hlmne3lr9qvv0722;24.10.2019 08:21;24.10.2019 10:21;;0;;;
966;nfulp032cnbld5b53ttftqnkn4;24.10.2019 08:23;24.10.2019 10:23;;0;;;
967;b8ncb71vccfofcn5i31ml7mti6;24.10.2019 08:26;24.10.2019 10:28;Weiblich;1989;Bachelor;;
968;m64mfliahhcv1q5nt8dotmrh84;24.10.2019 08:29;24.10.2019 10:29;;0;;;
969;uctkqg8369s8t36e1n1bjn1r27;24.10.2019 08:32;24.10.2019 10:34;Andere;1999;Gymnasium (Abitur);;
970;fkdtu793k5tt26f4dj99ndrgo7;24.10.2019 08:36;24.10.2019 10:36;;0;;;
971;c8qn36o3stqdr2jsemfqa820p3;24.10.2019 08:43;24.10.2019 10:43;;0;;;
972;bnbcjsb0q66m97s4rg5srtq707;24.10.2019 08:46;24.10.2019 10:46;Weiblich;1995;Gymnasium (Abitur);;
973;hrf6r6fq8nmlf3n1hr1temot04;24.10.2019 08:47;24.10.2019 10:49;Weiblich;1993;Gymnasium (Abitur);;
974;mgk2ur7uo5pm0ti13au1js0727;24.10.2019 08:53;24.10.2019 10:54;Weiblich;0;Gymnasium (Abitur);;
975;2d4e43dtiaimin4e6pfkvdgid2;24.10.2019 09:57;24.10.2019 12:00;MÃ¤nnlich;1962;Gymnasium (Abitur);;
976;7qgfr49v19seasugvp55evp196;24.10.2019 16:16;24.10.2019 18:16;;0;;;
977;781rqjlsbartan4ptpvqihg431;24.10.2019 16:17;24.10.2019 18:18;MÃ¤nnlich;1966;Diplom;;
978;askt0688lip3cba1ptb16kr9c6;25.10.2019 09:33;25.10.2019 11:36;MÃ¤nnlich;1984;Diplom;;
979;du1u96pdlva8m81cecc07esfg5;28.10.2019 12:40;28.10.2019 13:42;Weiblich;1988;Master;;
980;656que53ehkllu678meeg885k1;28.10.2019 15:24;28.10.2019 16:26;MÃ¤nnlich;1961;Promotion;;
981;c6gpv86g12b23qh4o35gj37ao2;28.10.2019 15:27;28.10.2019 16:27;;0;;;
982;6qevpov3mdugel8s810ni3bvk5;04.11.2019 14:10;04.11.2019 15:10;;0;;;
983;84bnq9pjppb95cii5fdd6cajp1;06.11.2019 08:22;06.11.2019 09:22;;0;;;
984;i2hlq56olm5eecovpi0ahrhse5;06.11.2019 11:43;06.11.2019 12:46;Weiblich;1985;Master;agree;
985;id48o87a6rbhatuscu11muhsv7;06.11.2019 16:45;06.11.2019 17:48;Weiblich;1961;Fachhochschulabschluss;;
986;7s7kgin0hoj031p669s5evh800;06.11.2019 17:49;06.11.2019 18:49;;0;;;
987;kq1j2iif4mo39pes9kkhdniq92;07.11.2019 09:29;07.11.2019 10:32;Weiblich;1979;Promotion;agree;agree
988;96r02lslr7csvhfqt8mbv4pl31;07.11.2019 09:36;07.11.2019 10:39;Weiblich;1956;Fachhochschulabschluss;;
989;1lj8rk84v0e86eoo4eu4cvgat5;07.11.2019 09:41;07.11.2019 10:41;;0;;;
990;u5crslthrbie3lokn6ulsd2194;08.11.2019 08:21;08.11.2019 09:23;Weiblich;1978;Diplom;;
991;e2p8934o86k2ukc6v3i67ko1t1;10.11.2019 00:38;10.11.2019 01:38;;0;;;
992;mosqun98tgekrrhhnttar9fo26;13.11.2019 08:31;13.11.2019 09:35;Weiblich;1998;Bachelor;;
993;9667c27bob90mnl8q3v9ra0s70;13.11.2019 08:37;13.11.2019 09:37;;0;;;
994;9aefcekldqtflig12jgt978fe4;13.11.2019 08:42;13.11.2019 09:45;MÃ¤nnlich;1994;Gymnasium (Abitur);;
995;hgn22t5vhb35bapkd246has991;13.11.2019 08:50;13.11.2019 09:53;Weiblich;1998;Gymnasium (Abitur);;
996;543419jaeh44hc9mbhg2b3fnc4;13.11.2019 08:55;13.11.2019 09:57;MÃ¤nnlich;1989;Gymnasium (Abitur);;
997;rn7qhg6s1fh5hgromtt7220pe5;14.11.2019 15:02;14.11.2019 16:02;;0;;;
998;u3oo69otjhvs29njd2n7pcr6r5;14.11.2019 15:02;14.11.2019 16:04;MÃ¤nnlich;1995;Bachelor;;
999;vg13132hvh7t9103bq59dlvao0;15.11.2019 11:28;15.11.2019 12:28;;0;;;
1000;dveb316dsarki8fhl6cff94cm6;18.11.2019 07:51;18.11.2019 08:51;;0;;;
1001;e42nje1animlt489fraoqcnfi0;18.11.2019 07:55;18.11.2019 08:55;;0;;;
1002;h4it69ul02d96otlp7r5krhia4;19.11.2019 02:56;19.11.2019 03:56;;0;;;
1003;b4km6055ds9a0kv35u3229umj5;25.11.2019 09:47;25.11.2019 10:47;;0;;;
1004;odc3b2sfpjf7sm0mpf7usc5vd0;25.11.2019 19:49;25.11.2019 20:51;MÃ¤nnlich;1964;Promotion;agree;
1005;8ru0tires2sejo36j96h0bu7m2;27.11.2019 12:07;27.11.2019 13:10;MÃ¤nnlich;1980;Promotion;agree;agree
1006;ipv6mm7ld2oai5bpinmuju0uh4;28.11.2019 09:15;28.11.2019 10:17;Weiblich;1980;Gymnasium (Abitur);agree;agree
1007;mssokcvo9onm6635k420ja6p37;28.11.2019 11:58;28.11.2019 12:58;;0;;;
1008;rn4alhot9ntusi5j0s9m2cj7k3;29.11.2019 10:39;29.11.2019 11:40;Weiblich;0;Master;;
1009;hibnikthe0stc7pagr4amesms0;29.11.2019 10:42;29.11.2019 11:42;;0;;;
1010;b7r1shscjorqhla301239g4295;29.11.2019 10:42;29.11.2019 11:42;;0;;;
1011;8philphpvh66thvkdvcbtf9ij1;29.11.2019 10:43;29.11.2019 11:43;;0;;;
1012;9mc921hji5i3trakq04soopnq1;29.11.2019 10:49;29.11.2019 11:49;;0;;;
1013;14cq9hs4pco7i9utlj71jj9381;29.11.2019 10:51;29.11.2019 11:51;;0;;;
1014;qspa2d5mcbijg0au3hd9urg6g5;29.11.2019 10:59;29.11.2019 11:59;;0;;;
1015;aj8b19qfk1qci2v8c8a8o857g2;29.11.2019 11:02;29.11.2019 12:02;;0;;;
1016;ir1hvnu7i7qcq5lfrvgsn3uqh1;29.11.2019 11:05;29.11.2019 12:05;;0;;;
1017;sk85v5lrtnor7kole85lecsj23;29.11.2019 11:25;29.11.2019 12:25;;0;;;
1018;98c012eep1lnd9972ukiskc414;29.11.2019 11:27;29.11.2019 12:27;;0;;;
1019;uasr31af46p1smn8jjh6u7up41;29.11.2019 11:28;29.11.2019 12:28;;0;;;
1020;9k9rn1t99vm2po1cvh5a7t76q6;29.11.2019 11:28;29.11.2019 12:28;;0;;;
1021;p3tq285f2bourq6tp5kb629s45;29.11.2019 11:31;29.11.2019 12:31;;0;;;
1022;s3sufr6if78ijgd9eqbdpghr01;02.12.2019 14:20;02.12.2019 15:22;Weiblich;1975;Master;agree;agree
1023;fk881edemvp3tc0smajlvjn1e0;03.12.2019 08:31;03.12.2019 09:33;MÃ¤nnlich;1992;Master;;
1024;hjl26vvcfocll8brleda7k03k5;03.12.2019 10:05;03.12.2019 11:07;;0;;agree;agree
1025;pqbrs837lmqiks500pcj4jf3b2;04.12.2019 12:38;04.12.2019 13:38;;0;;;
1026;p7kd2d03k0al3agnaqe1copag1;04.12.2019 12:41;04.12.2019 13:42;Weiblich;1984;Promotion;agree;
1027;o17fid6khgcpmcf3f1ukscq8s4;04.12.2019 12:59;04.12.2019 13:59;;0;;;
1028;ft96572luivi50frio6716f824;06.12.2019 12:02;06.12.2019 13:04;MÃ¤nnlich;1968;Master;agree;
1029;d9hku8qb8ksvf4lqra17livsp0;06.12.2019 17:20;06.12.2019 18:23;Weiblich;1974;Anderer;;
1030;al4clgfkan2mlbj364acri5ah2;06.12.2019 17:30;06.12.2019 18:32;Weiblich;1970;Promotion;agree;agree
1031;u5nkig06qvjgrp531cvdgg89r4;06.12.2019 17:32;06.12.2019 18:32;;0;;;
1032;rc8elbhi3gmrqjcqclsjlpo452;11.12.2019 10:40;11.12.2019 11:42;Weiblich;0;Master;agree;
1033;s01v6jmvbjbn3psog62eka8192;11.12.2019 10:43;11.12.2019 11:44;MÃ¤nnlich;1980;Promotion;agree;agree
1034;q6s0pfjkg10hsf4caikdasj8g2;11.12.2019 10:46;11.12.2019 11:47;Weiblich;1977;Master;agree;
1035;r49mgejmpg7j8m7kapjs76bqs4;11.12.2019 15:25;11.12.2019 16:27;Weiblich;1994;Gymnasium (Abitur);;
1036;oi1g9ob8674v1n4kdarbci64r1;11.12.2019 15:33;11.12.2019 16:33;;0;;;
1037;c5q2rbom85senqdva2p30c8hl4;12.12.2019 07:44;12.12.2019 08:44;;0;;;
1038;d8n3g8b8cobav8ofu4p1sr0kq2;12.12.2019 08:12;12.12.2019 09:15;Weiblich;1968;Master;agree;
1039;dfflagi6aoghbecc6e9kmj4ro4;12.12.2019 08:16;12.12.2019 09:16;;0;;;
1040;on7sutcu6corasme7emceksdo2;12.12.2019 08:19;12.12.2019 09:21;Weiblich;1991;Fachhochschulabschluss;;
1041;m78puhsn9o3ud2klulbslhd9b5;12.12.2019 08:23;12.12.2019 09:25;Weiblich;1998;Gymnasium (Abitur);;
1042;87f1atuq8f24jf0tila1sc9f45;12.12.2019 08:27;12.12.2019 09:29;Weiblich;1995;Bachelor;;
1043;02um0o7gep0iqd9jdqfpjmvu83;12.12.2019 08:30;12.12.2019 09:32;Weiblich;1994;Abgeschlossene Ausbildung;;
1044;41s5iga635gmga1l0ok5psoa12;12.12.2019 08:32;12.12.2019 09:33;MÃ¤nnlich;1996;Gymnasium (Abitur);;
1045;ne4v72g5k789h716f2nfe6b7m5;12.12.2019 08:33;12.12.2019 09:33;;0;;;
1046;j1v1fp772lhs8m3a3h8bndi8k5;12.12.2019 08:38;12.12.2019 09:39;Andere;1947;Anderer;agree;
1047;0loepe8k8mn0a45huo4sn53je5;12.12.2019 08:45;12.12.2019 09:47;Weiblich;1928;Promotion;agree;agree
1048;colmf6b478cpbgis90b6ehrpu3;12.12.2019 08:47;12.12.2019 09:47;;0;;;
1049;7ur0e012fmkijtpclgcun6lmn2;12.12.2019 08:47;12.12.2019 09:48;Andere;1901;Kein Schulabschluss;agree;agree
1050;c118dn6n27tb7521g5inbcel57;12.12.2019 08:48;12.12.2019 09:49;MÃ¤nnlich;1961;Grund-/Hauptschulabschluss;agree;agree
1051;4aahf84850uggd32edt4htajk1;12.12.2019 08:49;12.12.2019 09:49;;0;;;
1052;pkqbch3ntcv3s6t5sadompj2q7;12.12.2019 09:23;12.12.2019 10:23;;0;;;
1053;5mh06ms536km4sgoglvhnmq1f2;12.12.2019 09:25;12.12.2019 10:25;;0;;;
1054;igpmq4k03en5ehsu831acvg7s6;12.12.2019 09:29;12.12.2019 10:31;Weiblich;2000;Gymnasium (Abitur);;
1055;fefgg5b4ohb3a1fgt3ellrb900;12.12.2019 09:34;12.12.2019 10:36;MÃ¤nnlich;2001;Gymnasium (Abitur);;
1056;1valji01gcr6ti6fp4qs80ith3;12.12.2019 09:38;12.12.2019 10:38;;0;;;
1057;p9ggor3l8fa8246ekkh2b8kq40;12.12.2019 09:42;12.12.2019 10:42;;0;;;
1058;611j2nl1jcr7lng8pndnpassr2;12.12.2019 09:45;12.12.2019 10:47;Weiblich;1996;Abgeschlossene Ausbildung;;
1059;u2ddrehvg1c3i57g1398mvm0r7;12.12.2019 09:48;12.12.2019 10:49;Weiblich;1996;Gymnasium (Abitur);;
1060;4mo4tsgqnvjt8u256nguuehst4;12.12.2019 09:50;12.12.2019 10:52;Weiblich;2000;Gymnasium (Abitur);;
1061;5qi2ngtk1p39e3kf63ik4us212;12.12.2019 09:58;12.12.2019 10:58;;0;;;
1062;84s312od3o5srf5gd3h5dv1k34;13.12.2019 10:00;13.12.2019 11:00;;0;;;
1063;0ktphu1j137kpkvscou1n9pce7;13.12.2019 10:14;13.12.2019 11:16;Weiblich;0;Master;;
1064;1fn4qhu8ot3m1deqgdip8lr0d0;16.12.2019 09:54;16.12.2019 10:56;Weiblich;1986;;;
1065;j202affmug506tpg2oefd27787;16.12.2019 11:35;16.12.2019 12:35;;0;;;
1066;jn73m3broi169hguak9vpvc5j6;16.12.2019 15:23;16.12.2019 16:25;Weiblich;1975;Promotion;agree;agree
1067;kut2hs0henl51mqjr3gp35uqp5;16.12.2019 15:55;16.12.2019 16:55;;0;;;
1068;30d5h42ou1k7t0ji8ic25tosm7;17.12.2019 16:03;17.12.2019 17:03;;0;;;
1069;jptmqd20juavkrt90i7t52ui52;17.12.2019 16:11;17.12.2019 17:12;Weiblich;1988;Master;agree;
1070;k711ts6igaqh8bpr5kvn153pu0;17.12.2019 16:20;17.12.2019 17:22;Weiblich;1993;Master;;
1071;ud7oudgvabov6sgqq1l68kekj2;17.12.2019 16:27;17.12.2019 17:27;;0;;;
1072;0he3da11o9e31t7e91tdqhi326;17.12.2019 17:05;17.12.2019 18:06;Weiblich;1967;Promotion;agree;
1073;ga9k69t9769qsdkmupbu13rf82;17.12.2019 17:11;17.12.2019 18:11;;0;;;
1074;0j4lq7k8iish84tiusvlrkdd35;17.12.2019 18:04;17.12.2019 19:06;Weiblich;1992;Master;agree;agree
1075;i4frs3e5cpn15vvafd7og8f7b6;20.12.2019 17:12;20.12.2019 18:12;;0;;;
