Response_ID;Respondent_ID;Question_No;PubIDs_Order_Displayed;PubIDs_Order_Chosen;Timestamp (DD-MM-YY);Timestamp (HH-MM-SS)
1;1;1;1,2;1,2;11.01.2019;14:21:15
2;1;2; 1,2,3 ;1,3,2;11.01.2019;14:21:19
3;1;3; 1,2,3 ;3,1,2;11.01.2019;14:21:28
4;2;1;1,2;2,1;11.01.2019;14:22:02
5;2;2; 1,2,3 ;2,3,1;11.01.2019;14:22:10
6;2;3; 1,2,3 ;2,3,1;11.01.2019;14:22:19
7;3;1;1,2;1,2;11.01.2019;16:08:54
8;3;2; 1,2,3 ;1,3,2;11.01.2019;16:10:26
9;3;3; 1,2,3 ;1,2,3;11.01.2019;16:15:39
10;4;1;1,2;1,2;11.01.2019;16:18:14
11;4;2; 1,2,3 ;1,2,3;11.01.2019;16:18:17
12;4;3; 1,2,3 ;1,2,3;11.01.2019;16:18:21
13;6;1;1,2;1,2;14.01.2019;08:29:08
14;6;2; 1,2,3 ;1,3,2;14.01.2019;08:29:18
15;6;3; 1,2,3 ;1,3,2;14.01.2019;08:29:57
16;7;1;1,2;1,2;16.01.2019;21:23:35
17;8;1;1,2;1,2;16.01.2019;21:23:56
18;8;2; 1,2,3 ;1,3,2;16.01.2019;21:24:08
19;8;3; 1,2,3 ;1,3,2;16.01.2019;21:24:28
20;10;1;1,2;2,1;17.01.2019;12:06:17
21;10;2; 1,2,3 ;3,2,1;17.01.2019;12:06:50
22;10;3; 1,2,3 ;3,2,1;17.01.2019;12:12:16
23;11;1;1,2;1,2;29.01.2019;15:39:39
24;12;1;1,2;1,2;29.01.2019;16:55:15
25;13;1;1,2;2,1;30.01.2019;15:22:49
26;13;2; 1,2,3 ;3,2,1;30.01.2019;15:22:55
27;13;3; 1,2,3 ;3,2,1;30.01.2019;15:23:08
28;14;1;1,2;1,2;30.01.2019;15:23:40
29;14;2; 1,2,3 ;1,3,2;30.01.2019;15:23:46
30;14;3; 1,2,3 ;3,2,1;30.01.2019;15:23:56
31;15;1;1,2;2,1;30.01.2019;15:24:47
32;15;2; 1,2,3 ;1,2,3;30.01.2019;15:24:49
33;15;3; 1,2,3 ;3,2,1;30.01.2019;15:24:54
34;17;1;1,2;1,2;31.01.2019;08:10:17
35;18;1;1,2;1,2;31.01.2019;10:10:46
36;18;2; 1,2,3 ;2,1,3;31.01.2019;10:10:51
37;18;3; 1,2,3 ;1,2,3;31.01.2019;10:11:05
38;21;1;1,2;1,2;31.01.2019;15:27:03
39;21;2; 1,2,3 ;3,1,2;31.01.2019;15:27:46
40;21;3; 1,2,3 ;3,1,2;31.01.2019;15:28:47
41;23;1;1,2;1,2;01.02.2019;10:40:32
42;23;2; 1,2,3 ;2,1,3;01.02.2019;10:40:36
43;23;3; 1,2,3 ;1,3,2;01.02.2019;10:40:44
44;24;1;1,2;2,1;01.02.2019;11:07:51
45;24;2; 1,2,3 ;3,2,1;01.02.2019;11:08:31
46;24;3; 1,2,3 ;3,1,2;01.02.2019;11:09:19
47;28;1;1,2;1,2;01.02.2019;15:26:40
48;29;1;1,2;1,2;01.02.2019;15:33:08
49;29;2; 1,2,3 ;1,3,2;01.02.2019;15:33:37
50;30;1;1,2;1,2;01.02.2019;16:01:51
51;30;2; 1,2,3 ;3,1,2;01.02.2019;16:02:13
52;30;3; 1,2,3 ;3,1,2;01.02.2019;16:02:51
53;31;1;1,2;1,2;01.02.2019;16:17:06
54;31;2; 1,2,3 ;1,3,2;01.02.2019;16:17:29
55;31;3; 1,2,3 ;3,1,2;01.02.2019;16:18:20
56;32;1;1,2;1,2;01.02.2019;16:22:14
57;32;2; 1,2,3 ;3,2,1;01.02.2019;16:22:59
58;32;3; 1,2,3 ;2,3,1;01.02.2019;16:30:45
59;33;1;1,2;1,2;01.02.2019;16:46:23
60;33;2; 1,2,3 ;2,1,3;01.02.2019;16:46:42
61;34;1;1,2;1,2;01.02.2019;16:51:54
62;34;2; 1,2,3 ;3,1,2;01.02.2019;16:52:01
63;34;3; 1,2,3 ;2,1,3;01.02.2019;16:52:13
64;35;1;1,2;1,2;01.02.2019;16:53:53
65;35;2; 1,2,3 ;1,3,2;01.02.2019;16:53:58
66;35;3; 1,2,3 ;1,3,2;01.02.2019;16:54:04
67;36;1;1,2;1,2;01.02.2019;16:54:47
68;36;2; 1,2,3 ;1,3,2;01.02.2019;16:54:50
69;36;3; 1,2,3 ;1,2,3;01.02.2019;16:54:56
70;38;1;1,2;2,1;04.02.2019;10:29:54
71;38;2; 1,2,3 ;3,1,2;04.02.2019;10:30:11
72;39;1;1,2;1,2;04.02.2019;12:21:42
73;39;2; 1,2,3 ;1,3,2;04.02.2019;12:21:51
74;39;3; 1,2,3 ;1,3,2;04.02.2019;12:22:02
75;40;1;1,2;2,1;04.02.2019;18:39:41
76;40;2; 1,2,3 ;1,2,3;04.02.2019;18:40:10
77;40;3; 1,2,3 ;3,1,2;04.02.2019;18:40:58
78;43;1;1,2;1,2;04.02.2019;19:09:11
79;43;2; 1,2,3 ;3,1,2;04.02.2019;19:10:52
80;43;3; 1,2,3 ;3,1,2;04.02.2019;19:11:51
81;44;1;1,2;1,2;04.02.2019;19:14:32
82;44;2; 1,2,3 ;3,1,2;04.02.2019;19:14:43
83;44;3; 1,2,3 ;3,1,2;04.02.2019;19:15:25
84;45;1;1,2;1,2;04.02.2019;19:18:10
85;45;2; 1,2,3 ;1,3,2;04.02.2019;19:18:34
86;45;3; 1,2,3 ;1,3,2;04.02.2019;19:19:27
87;46;1;1,2;1,2;04.02.2019;20:12:13
88;46;2; 1,2,3 ;1,3,2;04.02.2019;20:12:43
89;46;3; 1,2,3 ;1,3,2;04.02.2019;20:13:36
90;47;1;1,2;1,2;05.02.2019;09:49:55
91;47;2; 1,2,3 ;1,3,2;05.02.2019;09:50:08
92;48;1;1,2;1,2;05.02.2019;11:02:36
93;48;2; 1,2,3 ;1,2,3;05.02.2019;11:02:41
94;48;3; 1,2,3 ;1,3,2;05.02.2019;11:02:52
95;49;1;1,2;1,2;05.02.2019;11:34:47
96;49;2; 1,2,3 ;1,3,2;05.02.2019;11:34:57
97;49;3; 1,2,3 ;3,1,2;05.02.2019;11:35:09
98;50;1;1,2;1,2;05.02.2019;14:39:29
99;50;2; 1,2,3 ;1,2,3;05.02.2019;14:39:35
100;50;3; 1,2,3 ;1,2,3;05.02.2019;14:39:43
101;51;1;1,2;1,2;05.02.2019;15:19:28
102;51;2; 1,2,3 ;1,3,2;05.02.2019;15:19:44
103;51;3; 1,2,3 ;1,3,2;05.02.2019;15:20:24
104;53;1;1,2;1,2;06.02.2019;11:00:02
105;53;2; 1,2,3 ;1,3,2;06.02.2019;11:01:25
106;55;1;1,2;1,2;06.02.2019;14:37:30
107;55;2; 1,2,3 ;1,2,3;06.02.2019;14:37:58
108;55;3; 1,2,3 ;1,3,2;06.02.2019;14:38:49
109;57;1;1,2;1,2;06.02.2019;14:41:50
110;57;2; 1,2,3 ;1,2,3;06.02.2019;14:42:07
111;57;3; 1,2,3 ;1,2,3;06.02.2019;14:42:50
112;58;1;1,2;1,2;06.02.2019;14:44:01
113;58;2; 1,2,3 ;1,3,2;06.02.2019;14:44:13
114;58;3; 1,2,3 ;1,3,2;06.02.2019;14:44:54
115;59;1;1,2;1,2;06.02.2019;18:32:55
116;59;2; 1,2,3 ;1,3,2;06.02.2019;18:33:26
117;59;3; 1,2,3 ;1,3,2;06.02.2019;18:34:20
118;60;1;1,2;1,2;06.02.2019;19:13:50
119;60;2; 1,2,3 ;1,2,3;06.02.2019;19:14:03
120;60;3; 1,2,3 ;1,2,3;06.02.2019;19:14:37
121;61;1;1,2;1,2;06.02.2019;19:23:06
122;61;2; 1,2,3 ;3,1,2;06.02.2019;19:23:56
123;61;3; 1,2,3 ;1,3,2;06.02.2019;19:25:42
124;62;1;1,2;1,2;06.02.2019;19:30:51
125;62;2; 1,2,3 ;1,3,2;06.02.2019;19:31:10
126;62;3; 1,2,3 ;1,3,2;06.02.2019;19:31:32
127;64;1;1,2;1,2;06.02.2019;19:34:47
128;64;2; 1,2,3 ;1,3,2;06.02.2019;19:35:12
129;65;1;1,2;1,2;06.02.2019;19:37:31
130;65;2; 1,2,3 ;1,3,2;06.02.2019;19:38:15
131;65;3; 1,2,3 ;1,3,2;06.02.2019;19:39:40
132;66;1;1,2;1,2;06.02.2019;19:41:38
133;66;2; 1,2,3 ;3,1,2;06.02.2019;19:42:09
134;66;3; 1,2,3 ;1,2,3;06.02.2019;19:42:25
135;67;1;1,2;2,1;06.02.2019;19:48:46
136;67;2; 1,2,3 ;1,3,2;06.02.2019;19:48:54
137;67;3; 1,2,3 ;1,2,3;06.02.2019;19:49:26
138;68;1;1,2;1,2;07.02.2019;07:59:17
139;68;2; 1,2,3 ;1,2,3;07.02.2019;07:59:22
140;68;3; 1,2,3 ;1,3,2;07.02.2019;07:59:27
141;69;1;1,2;1,2;07.02.2019;09:38:03
142;69;2; 1,2,3 ;3,1,2;07.02.2019;09:38:35
143;69;3; 1,2,3 ;3,1,2;07.02.2019;09:39:14
144;71;1;1,2;1,2;08.02.2019;15:22:01
145;72;1;1,2;1,2;11.02.2019;09:17:29
146;72;2; 1,2,3 ;1,3,2;11.02.2019;09:17:49
147;72;3; 1,2,3 ;1,3,2;11.02.2019;09:19:00
148;73;1;1,2;1,2;11.02.2019;15:31:37
149;73;2; 1,2,3 ;1,3,2;11.02.2019;15:32:02
150;73;3; 1,2,3 ;1,3,2;11.02.2019;15:33:03
151;74;1;1,2;1,2;12.02.2019;11:08:56
152;74;2; 1,2,3 ;1,3,2;12.02.2019;11:09:05
153;74;3; 1,2,3 ;1,3,2;12.02.2019;11:09:29
154;75;1;1,2;1,2;13.02.2019;10:14:03
155;75;2; 1,2,3 ;1,3,2;13.02.2019;10:14:36
156;76;1;1,2;1,2;13.02.2019;14:59:31
157;76;2; 1,2,3 ;1,3,2;13.02.2019;15:00:05
158;76;3; 1,2,3 ;1,3,2;13.02.2019;15:00:58
159;78;1;1,2;1,2;14.02.2019;11:15:18
160;78;2; 1,2,3 ;1,3,2;14.02.2019;11:15:35
161;78;3; 1,2,3 ;1,3,2;14.02.2019;11:16:00
162;79;1;1,2;1,2;14.02.2019;11:48:33
163;79;2; 1,2,3 ;3,2,1;14.02.2019;11:48:38
164;79;3; 1,2,3 ;2,3,1;14.02.2019;11:48:46
165;81;1;1,2;1,2;14.02.2019;13:45:36
166;81;2; 1,2,3 ;1,3,2;14.02.2019;13:45:51
167;81;3; 1,2,3 ;1,3,2;14.02.2019;13:46:26
168;83;1;1,2;1,2;19.02.2019;09:15:42
169;83;2; 1,2,3 ;1,3,2;19.02.2019;09:16:11
170;83;3; 1,2,3 ;1,3,2;19.02.2019;09:17:14
171;84;1;1,2;1,2;19.02.2019;15:29:18
172;84;2; 1,2,3 ;1,3,2;19.02.2019;15:29:45
173;84;3; 1,2,3 ;1,3,2;19.02.2019;15:31:02
174;86;1;1,2;1,2;19.02.2019;15:38:06
175;86;2; 1,2,3 ;1,2,3;19.02.2019;15:38:38
176;86;3; 1,2,3 ;1,3,2;19.02.2019;15:39:33
177;88;1;1,2;1,2;19.02.2019;17:34:20
178;88;2; 1,2,3 ;1,3,2;19.02.2019;17:34:55
179;88;3; 1,2,3 ;1,3,2;19.02.2019;17:35:32
180;89;1;1,2;1,2;20.02.2019;11:22:35
181;90;1;1,2;1,2;20.02.2019;11:24:05
182;90;2; 1,2,3 ;1,2,3;20.02.2019;11:24:37
183;90;3; 1,2,3 ;1,2,3;20.02.2019;11:25:42
184;92;1;1,2;1,2;20.02.2019;13:52:02
185;92;2; 1,2,3 ;3,1,2;20.02.2019;13:52:22
186;92;3; 1,2,3 ;1,3,2;20.02.2019;13:52:54
187;93;1;1,2;1,2;20.02.2019;15:01:14
188;93;2; 1,2,3 ;1,2,3;20.02.2019;15:01:40
189;93;3; 1,2,3 ;2,3,1;20.02.2019;15:02:03
190;94;1;1,2;1,2;21.02.2019;12:18:54
191;95;1;1,2;1,2;22.02.2019;11:26:43
192;95;2; 1,2,3 ;1,3,2;22.02.2019;11:27:12
193;95;3; 1,2,3 ;3,1,2;22.02.2019;11:28:10
194;96;1;1,2;1,2;22.02.2019;14:42:32
195;97;1;1,2;1,2;22.02.2019;16:42:51
196;97;2; 1,2,3 ;1,2,3;22.02.2019;16:43:18
197;97;3; 1,2,3 ;1,2,3;22.02.2019;16:44:00
198;98;1;1,2;1,2;22.02.2019;16:46:14
199;98;2; 1,2,3 ;1,3,2;22.02.2019;16:46:29
200;98;3; 1,2,3 ;1,2,3;22.02.2019;16:47:00
201;99;1;1,2;2,1;22.02.2019;16:47:41
202;99;2; 1,2,3 ;3,2,1;22.02.2019;16:47:49
203;99;3; 1,2,3 ;3,2,1;22.02.2019;16:47:57
204;100;1;1,2;2,1;22.02.2019;16:48:07
205;100;2; 1,2,3 ;2,3,1;22.02.2019;16:48:11
206;100;3; 1,2,3 ;3,2,1;22.02.2019;16:48:17
207;101;1;1,2;1,2;25.02.2019;11:13:49
208;101;2; 1,2,3 ;1,3,2;25.02.2019;11:14:01
209;101;3; 1,2,3 ;1,3,2;25.02.2019;11:14:39
210;102;1;1,2;1,2;25.02.2019;11:44:49
211;102;2; 1,2,3 ;1,3,2;25.02.2019;11:45:36
212;102;3; 1,2,3 ;1,3,2;25.02.2019;11:46:41
213;103;1;1,2;1,2;25.02.2019;14:05:00
214;103;2; 1,2,3 ;1,3,2;25.02.2019;14:05:18
215;103;3; 1,2,3 ;1,3,2;25.02.2019;14:06:03
216;105;1;1,2;1,2;26.02.2019;12:13:14
217;105;2; 1,2,3 ;3,1,2;26.02.2019;12:13:41
218;106;1;1,2;1,2;26.02.2019;12:15:08
219;106;2; 1,2,3 ;3,1,2;26.02.2019;12:15:16
220;106;3; 1,2,3 ;3,1,2;26.02.2019;12:15:26
221;107;1;1,2;2,1;26.02.2019;12:56:12
222;107;2; 1,2,3 ;3,1,2;26.02.2019;12:57:32
223;107;3; 1,2,3 ;3,1,2;26.02.2019;12:58:21
224;108;1;1,2;1,2;27.02.2019;15:04:05
225;108;2; 1,2,3 ;1,3,2;27.02.2019;15:04:33
226;108;3; 1,2,3 ;1,3,2;27.02.2019;15:05:25
227;109;1;1,2;1,2;27.02.2019;15:07:40
228;109;2; 1,2,3 ;1,3,2;27.02.2019;15:07:45
229;110;1;1,2;1,2;27.02.2019;18:25:51
230;110;2; 1,2,3 ;3,1,2;27.02.2019;18:26:05
231;110;3; 1,2,3 ;3,1,2;27.02.2019;18:26:27
232;111;1;1,2;1,2;28.02.2019;10:53:23
233;111;2; 1,2,3 ;1,3,2;28.02.2019;10:53:34
234;111;3; 1,2,3 ;1,3,2;28.02.2019;10:53:48
235;112;1;1,2;1,2;28.02.2019;12:43:45
236;112;2; 1,2,3 ;1,3,2;28.02.2019;12:43:58
237;112;3; 1,2,3 ;3,1,2;28.02.2019;12:44:56
238;114;1;1,2;1,2;01.03.2019;16:37:03
239;114;2; 1,2,3 ;3,1,2;01.03.2019;16:37:21
240;114;3; 1,2,3 ;1,3,2;01.03.2019;16:38:03
241;115;1;1,2;1,2;01.03.2019;17:19:47
242;115;2; 1,2,3 ;3,1,2;01.03.2019;17:20:03
243;115;3; 1,2,3 ;3,1,2;01.03.2019;17:21:33
244;116;1;1,2;1,2;01.03.2019;17:22:02
245;116;2; 1,2,3 ;1,2,3;01.03.2019;17:22:08
246;116;3; 1,2,3 ;3,1,2;01.03.2019;17:22:21
247;117;1;1,2;1,2;01.03.2019;17:38:16
248;117;2; 1,2,3 ;3,1,2;01.03.2019;17:39:09
249;117;3; 1,2,3 ;3,1,2;01.03.2019;17:40:01
250;118;1;1,2;1,2;01.03.2019;17:41:33
251;118;2; 1,2,3 ;1,3,2;01.03.2019;17:41:47
252;118;3; 1,2,3 ;1,3,2;01.03.2019;17:42:42
253;119;1;1,2;1,2;05.03.2019;17:17:22
254;119;2; 1,2,3 ;1,3,2;05.03.2019;17:17:32
255;119;3; 1,2,3 ;1,3,2;05.03.2019;17:17:41
256;122;1;1,2;1,2;07.03.2019;12:26:39
257;122;2; 1,2,3 ;1,3,2;07.03.2019;12:26:46
258;122;3; 1,2,3 ;1,3,2;07.03.2019;12:26:53
259;125;1;1,2;2,1;07.03.2019;14:01:25
260;125;2; 1,2,3 ;3,1,2;07.03.2019;14:01:53
261;125;3; 1,2,3 ;3,1,2;07.03.2019;14:02:39
262;126;1;1,2;1,2;07.03.2019;14:25:04
263;126;2; 1,2,3 ;1,3,2;07.03.2019;14:25:24
264;126;3; 1,2,3 ;1,3,2;07.03.2019;14:26:00
265;127;1;1,2;2,1;07.03.2019;15:37:18
266;127;2; 1,2,3 ;2,3,1;07.03.2019;15:37:29
267;127;3; 1,2,3 ;3,2,1;07.03.2019;15:37:55
268;128;1;1,2;2,1;07.03.2019;15:38:24
269;129;1;1,2;2,1;07.03.2019;17:42:52
270;129;2; 1,2,3 ;1,3,2;07.03.2019;17:43:05
271;129;3; 1,2,3 ;1,3,2;07.03.2019;17:43:33
272;131;1;1,2;2,1;07.03.2019;18:22:36
273;132;1;1,2;1,2;07.03.2019;19:04:14
274;132;2; 1,2,3 ;1,3,2;07.03.2019;19:04:31
275;132;3; 1,2,3 ;1,3,2;07.03.2019;19:05:10
276;133;1;1,2;1,2;07.03.2019;20:42:29
277;133;2; 1,2,3 ;1,3,2;07.03.2019;20:42:53
278;133;3; 1,2,3 ;1,3,2;07.03.2019;20:43:43
279;135;1;1,2;1,2;08.03.2019;00:09:09
280;135;2; 1,2,3 ;1,2,3;08.03.2019;00:09:16
281;135;3; 1,2,3 ;3,2,1;08.03.2019;00:09:23
282;136;1;1,2;1,2;08.03.2019;10:53:19
283;136;2; 1,2,3 ;1,3,2;08.03.2019;10:53:52
284;136;3; 1,2,3 ;1,3,2;08.03.2019;10:54:55
285;137;1;1,2;1,2;08.03.2019;11:44:35
286;137;2; 1,2,3 ;1,3,2;08.03.2019;11:45:08
287;139;1;1,2;1,2;08.03.2019;11:52:27
288;139;2; 1,2,3 ;1,3,2;08.03.2019;11:52:44
289;139;3; 1,2,3 ;1,3,2;08.03.2019;11:53:20
290;140;1;1,2;2,1;08.03.2019;11:55:32
291;140;2; 1,2,3 ;2,3,1;08.03.2019;11:56:01
292;140;3; 1,2,3 ;1,2,3;08.03.2019;11:56:19
293;142;1;1,2;1,2;08.03.2019;13:05:21
294;142;2; 1,2,3 ;1,3,2;08.03.2019;13:05:40
295;144;1;1,2;1,2;08.03.2019;14:47:06
296;144;2; 1,2,3 ;1,3,2;08.03.2019;14:47:41
297;144;3; 1,2,3 ;1,3,2;08.03.2019;14:48:43
298;146;1;1,2;1,2;08.03.2019;15:19:23
299;146;2; 1,2,3 ;1,3,2;08.03.2019;15:19:50
300;148;1;1,2;1,2;08.03.2019;15:52:20
301;148;2; 1,2,3 ;2,1,3;08.03.2019;15:52:29
302;148;3; 1,2,3 ;1,3,2;08.03.2019;15:52:39
303;149;1;1,2;1,2;08.03.2019;16:00:03
304;149;2; 1,2,3 ;1,3,2;08.03.2019;16:00:20
305;149;3; 1,2,3 ;1,3,2;08.03.2019;16:00:52
306;150;1;1,2;1,2;08.03.2019;16:40:38
307;151;1;1,2;1,2;08.03.2019;17:15:15
308;152;1;1,2;1,2;08.03.2019;17:34:27
309;152;2; 1,2,3 ;1,3,2;08.03.2019;17:34:37
310;152;3; 1,2,3 ;1,3,2;08.03.2019;17:35:28
311;156;1;1,2;1,2;08.03.2019;19:03:51
312;156;2; 1,2,3 ;1,3,2;08.03.2019;19:04:02
313;156;3; 1,2,3 ;1,3,2;08.03.2019;19:04:38
314;157;1;1,2;2,1;08.03.2019;19:19:17
315;157;2; 1,2,3 ;1,3,2;08.03.2019;19:19:48
316;157;3; 1,2,3 ;1,3,2;08.03.2019;19:20:44
317;159;1;1,2;1,2;08.03.2019;19:44:20
318;159;2; 1,2,3 ;3,1,2;08.03.2019;19:44:39
319;159;3; 1,2,3 ;1,3,2;08.03.2019;19:45:03
320;160;1;1,2;1,2;08.03.2019;21:18:00
321;160;2; 1,2,3 ;1,3,2;08.03.2019;21:18:21
322;160;3; 1,2,3 ;1,3,2;08.03.2019;21:19:04
323;163;1;1,2;2,1;09.03.2019;10:08:44
324;163;2; 1,2,3 ;1,3,2;09.03.2019;10:09:03
325;163;3; 1,2,3 ;1,3,2;09.03.2019;10:09:26
326;164;1;1,2;1,2;09.03.2019;10:15:37
327;164;2; 1,2,3 ;3,2,1;09.03.2019;10:15:54
328;165;1;1,2;1,2;09.03.2019;12:01:34
329;165;2; 1,2,3 ;1,3,2;09.03.2019;12:01:49
330;165;3; 1,2,3 ;1,3,2;09.03.2019;12:02:35
331;166;1;1,2;1,2;09.03.2019;12:14:27
332;166;2; 1,2,3 ;3,1,2;09.03.2019;12:14:42
333;166;3; 1,2,3 ;1,2,3;09.03.2019;12:15:15
334;167;1;1,2;1,2;09.03.2019;13:33:14
335;168;1;1,2;2,1;09.03.2019;14:26:34
336;168;2; 1,2,3 ;3,2,1;09.03.2019;14:26:48
337;170;1;1,2;1,2;09.03.2019;15:59:43
338;170;2; 1,2,3 ;1,3,2;09.03.2019;16:00:13
339;170;3; 1,2,3 ;1,3,2;09.03.2019;16:01:07
340;171;1;1,2;2,1;09.03.2019;16:07:16
341;171;2; 1,2,3 ;2,1,3;09.03.2019;16:07:45
342;172;1;1,2;1,2;09.03.2019;16:39:54
343;172;2; 1,2,3 ;1,3,2;09.03.2019;16:40:11
344;174;1;1,2;1,2;09.03.2019;17:46:25
345;174;2; 1,2,3 ;1,3,2;09.03.2019;17:46:51
346;176;1;1,2;1,2;09.03.2019;18:50:20
347;176;2; 1,2,3 ;1,3,2;09.03.2019;18:50:49
348;176;3; 1,2,3 ;1,3,2;09.03.2019;18:51:33
349;177;1;1,2;1,2;09.03.2019;19:38:08
350;177;2; 1,2,3 ;1,3,2;09.03.2019;19:38:19
351;177;3; 1,2,3 ;1,3,2;09.03.2019;19:39:04
352;179;1;1,2;1,2;09.03.2019;20:07:26
353;179;2; 1,2,3 ;1,3,2;09.03.2019;20:07:52
354;179;3; 1,2,3 ;1,3,2;09.03.2019;20:08:36
355;180;1;1,2;1,2;09.03.2019;20:23:49
356;180;2; 1,2,3 ;1,3,2;09.03.2019;20:24:02
357;180;3; 1,2,3 ;1,3,2;09.03.2019;20:24:17
358;183;1;1,2;1,2;10.03.2019;12:22:08
359;183;2; 1,2,3 ;3,1,2;10.03.2019;12:22:49
360;183;3; 1,2,3 ;3,1,2;10.03.2019;12:24:08
361;184;1;1,2;1,2;10.03.2019;12:29:00
362;184;2; 1,2,3 ;1,3,2;10.03.2019;12:29:13
363;184;3; 1,2,3 ;3,1,2;10.03.2019;12:29:31
364;188;1;1,2;2,1;10.03.2019;17:20:49
365;188;2; 1,2,3 ;2,1,3;10.03.2019;17:21:16
366;188;3; 1,2,3 ;2,3,1;10.03.2019;17:22:47
367;189;1;1,2;2,1;10.03.2019;18:29:09
368;189;2; 1,2,3 ;1,3,2;10.03.2019;18:29:22
369;189;3; 1,2,3 ;1,3,2;10.03.2019;18:30:06
370;192;1;1,2;2,1;10.03.2019;20:36:03
371;192;2; 1,2,3 ;3,2,1;10.03.2019;20:36:20
372;192;3; 1,2,3 ;3,1,2;10.03.2019;20:37:22
373;193;1;1,2;1,2;11.03.2019;11:10:22
374;193;2; 1,2,3 ;1,2,3;11.03.2019;11:10:38
375;200;1;1,2;2,1;11.03.2019;13:20:49
376;200;2; 1,2,3 ;3,2,1;11.03.2019;13:22:02
377;205;1;1,2;1,2;11.03.2019;15:55:17
378;205;2; 1,2,3 ;1,2,3;11.03.2019;15:55:33
379;205;3; 1,2,3 ;3,1,2;11.03.2019;15:56:14
380;207;1;1,2;1,2;11.03.2019;17:02:17
381;207;2; 1,2,3 ;1,2,3;11.03.2019;17:03:14
382;208;1;1,2;1,2;11.03.2019;17:07:36
383;210;1;1,2;1,2;11.03.2019;18:35:50
384;210;2; 1,2,3 ;1,3,2;11.03.2019;18:36:08
385;210;3; 1,2,3 ;1,3,2;11.03.2019;18:36:35
386;211;1;1,2;1,2;11.03.2019;19:26:52
387;211;2; 1,2,3 ;3,1,2;11.03.2019;19:27:13
388;211;3; 1,2,3 ;3,1,2;11.03.2019;19:28:10
389;212;1;1,2;2,1;11.03.2019;21:19:56
390;212;2; 1,2,3 ;2,3,1;11.03.2019;21:20:07
391;213;1;1,2;1,2;11.03.2019;22:48:46
392;213;2; 1,2,3 ;1,3,2;11.03.2019;22:49:16
393;213;3; 1,2,3 ;1,3,2;11.03.2019;22:50:42
394;214;1;1,2;1,2;12.03.2019;08:46:59
395;214;2; 1,2,3 ;1,2,3;12.03.2019;08:47:04
396;214;3; 1,2,3 ;1,2,3;12.03.2019;08:47:09
397;215;1;1,2;1,2;12.03.2019;09:48:29
398;215;2; 1,2,3 ;1,3,2;12.03.2019;09:48:43
399;215;3; 1,2,3 ;1,3,2;12.03.2019;09:49:00
400;217;1;1,2;1,2;12.03.2019;10:59:20
401;217;2; 1,2,3 ;1,3,2;12.03.2019;10:59:37
402;217;3; 1,2,3 ;1,3,2;12.03.2019;11:00:15
403;218;1;1,2;1,2;12.03.2019;12:05:56
404;219;1;1,2;1,2;12.03.2019;12:24:04
405;219;2; 1,2,3 ;1,3,2;12.03.2019;12:24:22
406;219;3; 1,2,3 ;1,3,2;12.03.2019;12:24:58
407;221;1;1,2;1,2;12.03.2019;13:34:21
408;221;2; 1,2,3 ;3,1,2;12.03.2019;13:35:06
409;221;3; 1,2,3 ;3,1,2;12.03.2019;13:35:44
410;222;1;1,2;2,1;12.03.2019;13:45:28
411;222;2; 1,2,3 ;2,3,1;12.03.2019;13:46:11
412;222;3; 1,2,3 ;2,3,1;12.03.2019;13:47:39
413;223;1;1,2;1,2;12.03.2019;14:00:00
414;223;2; 1,2,3 ;1,3,2;12.03.2019;14:00:17
415;223;3; 1,2,3 ;1,3,2;12.03.2019;14:00:39
416;224;1;1,2;1,2;12.03.2019;14:19:45
417;224;2; 1,2,3 ;1,3,2;12.03.2019;14:19:58
418;224;3; 1,2,3 ;1,3,2;12.03.2019;14:20:22
419;225;1;1,2;2,1;12.03.2019;14:34:19
420;227;1;1,2;2,1;12.03.2019;14:50:53
421;227;2; 1,2,3 ;3,1,2;12.03.2019;14:51:08
422;227;3; 1,2,3 ;3,1,2;12.03.2019;14:52:05
423;228;1;1,2;1,2;12.03.2019;16:12:14
424;228;2; 1,2,3 ;1,3,2;12.03.2019;16:12:37
425;228;3; 1,2,3 ;1,3,2;12.03.2019;16:13:19
426;229;1;1,2;1,2;12.03.2019;16:28:01
427;229;2; 1,2,3 ;1,3,2;12.03.2019;16:28:14
428;229;3; 1,2,3 ;1,3,2;12.03.2019;16:28:32
429;230;1;1,2;1,2;12.03.2019;16:40:51
430;231;1;1,2;2,1;12.03.2019;16:52:46
431;231;2; 1,2,3 ;3,2,1;12.03.2019;16:53:02
432;231;3; 1,2,3 ;3,1,2;12.03.2019;16:53:38
433;232;1;1,2;1,2;12.03.2019;17:01:33
434;232;2; 1,2,3 ;1,3,2;12.03.2019;17:02:06
435;234;1;1,2;2,1;12.03.2019;17:09:58
436;234;2; 1,2,3 ;2,3,1;12.03.2019;17:10:09
437;234;3; 1,2,3 ;1,3,2;12.03.2019;17:10:16
438;235;1;1,2;1,2;12.03.2019;17:15:36
439;235;2; 1,2,3 ;3,1,2;12.03.2019;17:15:53
440;235;3; 1,2,3 ;3,1,2;12.03.2019;17:17:05
441;236;1;1,2;1,2;12.03.2019;17:20:50
442;236;2; 1,2,3 ;2,1,3;12.03.2019;17:20:55
443;236;3; 1,2,3 ;2,1,3;12.03.2019;17:21:05
444;237;1;1,2;1,2;12.03.2019;17:24:26
445;237;2; 1,2,3 ;1,3,2;12.03.2019;17:24:51
446;237;3; 1,2,3 ;1,3,2;12.03.2019;17:25:35
447;238;1;1,2;2,1;12.03.2019;17:32:43
448;238;2; 1,2,3 ;3,2,1;12.03.2019;17:33:20
449;238;3; 1,2,3 ;3,2,1;12.03.2019;17:33:57
450;239;1;1,2;2,1;12.03.2019;17:36:13
451;239;2; 1,2,3 ;1,2,3;12.03.2019;17:36:42
452;239;3; 1,2,3 ;1,2,3;12.03.2019;17:37:02
453;240;1;1,2;1,2;12.03.2019;17:39:31
454;240;2; 1,2,3 ;3,1,2;12.03.2019;17:40:08
455;240;3; 1,2,3 ;3,1,2;12.03.2019;17:41:10
456;241;1;1,2;1,2;12.03.2019;17:45:09
457;241;2; 1,2,3 ;3,1,2;12.03.2019;17:45:22
458;241;3; 1,2,3 ;3,1,2;12.03.2019;17:45:53
459;242;1;1,2;1,2;12.03.2019;17:48:09
460;242;2; 1,2,3 ;3,2,1;12.03.2019;17:48:17
461;242;3; 1,2,3 ;1,2,3;12.03.2019;17:48:32
462;243;1;1,2;2,1;12.03.2019;17:51:45
463;243;2; 1,2,3 ;2,3,1;12.03.2019;17:52:00
464;243;3; 1,2,3 ;3,1,2;12.03.2019;17:52:41
465;244;1;1,2;1,2;12.03.2019;17:58:31
466;244;2; 1,2,3 ;1,3,2;12.03.2019;17:59:07
467;244;3; 1,2,3 ;1,3,2;12.03.2019;18:00:29
468;245;1;1,2;2,1;12.03.2019;18:03:40
469;245;2; 1,2,3 ;2,1,3;12.03.2019;18:04:19
470;245;3; 1,2,3 ;2,3,1;12.03.2019;18:05:32
471;246;1;1,2;2,1;12.03.2019;18:11:07
472;246;2; 1,2,3 ;3,2,1;12.03.2019;18:11:35
473;246;3; 1,2,3 ;3,2,1;12.03.2019;18:14:19
474;247;1;1,2;1,2;12.03.2019;18:22:01
475;247;2; 1,2,3 ;3,1,2;12.03.2019;18:22:30
476;249;1;1,2;1,2;12.03.2019;19:48:05
477;249;2; 1,2,3 ;1,3,2;12.03.2019;19:48:18
478;249;3; 1,2,3 ;1,3,2;12.03.2019;19:48:40
479;250;1;1,2;1,2;12.03.2019;20:10:24
480;251;1;1,2;1,2;12.03.2019;20:10:58
481;251;2; 1,2,3 ;1,3,2;12.03.2019;20:11:33
482;251;3; 1,2,3 ;1,3,2;12.03.2019;20:12:37
483;254;1;1,2;1,2;13.03.2019;00:14:56
484;254;2; 1,2,3 ;1,2,3;13.03.2019;00:15:16
485;254;3; 1,2,3 ;1,2,3;13.03.2019;00:15:45
486;255;1;1,2;1,2;13.03.2019;09:03:43
487;255;2; 1,2,3 ;1,3,2;13.03.2019;09:03:56
488;255;3; 1,2,3 ;1,3,2;13.03.2019;09:04:17
489;257;1;1,2;1,2;13.03.2019;09:49:40
490;257;2; 1,2,3 ;1,3,2;13.03.2019;09:50:27
491;257;3; 1,2,3 ;1,3,2;13.03.2019;09:51:14
492;259;1;1,2;1,2;13.03.2019;11:09:11
493;259;2; 1,2,3 ;1,3,2;13.03.2019;11:09:26
494;260;1;1,2;2,1;13.03.2019;13:36:23
495;260;2; 1,2,3 ;2,3,1;13.03.2019;13:36:36
496;260;3; 1,2,3 ;2,3,1;13.03.2019;13:36:50
497;262;1;1,2;1,2;13.03.2019;14:26:13
498;262;2; 1,2,3 ;3,1,2;13.03.2019;14:26:58
499;262;3; 1,2,3 ;3,1,2;13.03.2019;14:27:51
500;263;1;1,2;2,1;13.03.2019;14:44:55
501;266;1;1,2;1,2;13.03.2019;15:35:05
502;266;2; 1,2,3 ;3,1,2;13.03.2019;15:35:12
503;266;3; 1,2,3 ;3,1,2;13.03.2019;15:35:30
504;267;1;1,2;1,2;13.03.2019;17:38:46
505;267;2; 1,2,3 ;1,3,2;13.03.2019;17:39:06
506;267;3; 1,2,3 ;3,1,2;13.03.2019;17:40:03
507;269;1;1,2;1,2;13.03.2019;18:13:53
508;269;2; 1,2,3 ;3,1,2;13.03.2019;18:14:16
509;269;3; 1,2,3 ;3,1,2;13.03.2019;18:15:02
510;270;1;1,2;1,2;13.03.2019;18:21:31
511;270;2; 1,2,3 ;1,3,2;13.03.2019;18:21:40
512;270;3; 1,2,3 ;1,3,2;13.03.2019;18:21:54
513;271;1;1,2;1,2;13.03.2019;20:46:20
514;271;2; 1,2,3 ;3,1,2;13.03.2019;20:46:41
515;271;3; 1,2,3 ;1,3,2;13.03.2019;20:47:03
516;272;1;1,2;1,2;13.03.2019;21:27:12
517;272;2; 1,2,3 ;3,1,2;13.03.2019;21:27:29
518;272;3; 1,2,3 ;3,1,2;13.03.2019;21:28:43
519;274;1;1,2;1,2;14.03.2019;10:22:38
520;274;2; 1,2,3 ;1,3,2;14.03.2019;10:23:04
521;275;1;1,2;2,1;14.03.2019;11:57:58
522;277;1;1,2;1,2;14.03.2019;13:33:29
523;277;2; 1,2,3 ;1,3,2;14.03.2019;13:33:47
524;277;3; 1,2,3 ;3,1,2;14.03.2019;13:34:28
525;278;1;1,2;1,2;14.03.2019;13:40:52
526;278;2; 1,2,3 ;1,3,2;14.03.2019;13:41:20
527;278;3; 1,2,3 ;1,3,2;14.03.2019;13:42:02
528;281;1;1,2;1,2;15.03.2019;12:36:50
529;281;2; 1,2,3 ;1,3,2;15.03.2019;12:37:20
530;281;3; 1,2,3 ;1,3,2;15.03.2019;12:37:49
531;283;1;1,2;1,2;15.03.2019;13:28:32
532;283;2; 1,2,3 ;1,3,2;15.03.2019;13:28:43
533;283;3; 1,2,3 ;3,1,2;15.03.2019;13:29:08
534;284;1;1,2;1,2;15.03.2019;14:08:55
535;284;2; 1,2,3 ;1,3,2;15.03.2019;14:09:08
536;284;3; 1,2,3 ;1,3,2;15.03.2019;14:09:42
537;287;1;1,2;1,2;15.03.2019;15:23:15
538;287;2; 1,2,3 ;1,3,2;15.03.2019;15:23:28
539;287;3; 1,2,3 ;2,1,3;15.03.2019;15:24:04
540;289;1;1,2;1,2;15.03.2019;16:16:20
541;289;2; 1,2,3 ;1,3,2;15.03.2019;16:16:48
542;289;3; 1,2,3 ;1,3,2;15.03.2019;16:17:04
543;290;1;1,2;2,1;15.03.2019;16:53:09
544;292;1;1,2;1,2;15.03.2019;17:25:45
545;292;2; 1,2,3 ;2,3,1;15.03.2019;17:25:57
546;292;3; 1,2,3 ;1,3,2;15.03.2019;17:26:15
547;295;1;1,2;1,2;15.03.2019;17:34:07
548;295;2; 1,2,3 ;1,3,2;15.03.2019;17:34:20
549;295;3; 1,2,3 ;2,3,1;15.03.2019;17:34:57
550;296;1;1,2;2,1;15.03.2019;17:36:37
551;297;1;1,2;1,2;15.03.2019;17:37:43
552;297;2; 1,2,3 ;1,3,2;15.03.2019;17:38:09
553;298;1;1,2;1,2;15.03.2019;17:51:15
554;300;1;1,2;1,2;15.03.2019;18:33:11
555;306;1;1,2;2,1;15.03.2019;22:33:26
556;306;2; 1,2,3 ;1,3,2;15.03.2019;22:33:45
557;306;3; 1,2,3 ;1,3,2;15.03.2019;22:34:01
558;307;1;1,2;1,2;16.03.2019;11:32:48
559;307;2; 1,2,3 ;1,3,2;16.03.2019;11:33:11
560;307;3; 1,2,3 ;1,3,2;16.03.2019;11:33:35
561;310;1;1,2;1,2;16.03.2019;15:58:05
562;312;1;1,2;1,2;16.03.2019;16:23:00
563;314;1;1,2;2,1;16.03.2019;17:55:07
564;314;2; 1,2,3 ;3,1,2;16.03.2019;17:55:21
565;314;3; 1,2,3 ;3,1,2;16.03.2019;17:56:22
566;315;1;1,2;1,2;16.03.2019;18:30:26
567;315;2; 1,2,3 ;1,3,2;16.03.2019;18:30:49
568;315;3; 1,2,3 ;1,3,2;16.03.2019;18:31:27
569;318;1;1,2;2,1;17.03.2019;13:50:35
570;318;2; 1,2,3 ;3,1,2;17.03.2019;13:51:03
571;318;3; 1,2,3 ;3,1,2;17.03.2019;13:51:43
572;320;1;1,2;1,2;17.03.2019;16:30:44
573;320;2; 1,2,3 ;1,3,2;17.03.2019;16:31:24
574;320;3; 1,2,3 ;1,3,2;17.03.2019;16:31:54
575;321;1;1,2;1,2;17.03.2019;17:28:44
576;321;2; 1,2,3 ;1,3,2;17.03.2019;17:29:31
577;321;3; 1,2,3 ;1,3,2;17.03.2019;17:30:36
578;322;1;1,2;1,2;17.03.2019;18:14:54
579;322;2; 1,2,3 ;3,1,2;17.03.2019;18:15:05
580;322;3; 1,2,3 ;3,1,2;17.03.2019;18:15:36
581;323;1;1,2;1,2;17.03.2019;20:05:14
582;323;2; 1,2,3 ;1,3,2;17.03.2019;20:05:44
583;323;3; 1,2,3 ;1,3,2;17.03.2019;20:06:34
584;324;1;1,2;1,2;18.03.2019;11:21:36
585;324;2; 1,2,3 ;1,3,2;18.03.2019;11:21:46
586;324;3; 1,2,3 ;1,3,2;18.03.2019;11:22:11
587;325;1;1,2;1,2;18.03.2019;12:03:45
588;325;2; 1,2,3 ;1,3,2;18.03.2019;12:04:13
589;325;3; 1,2,3 ;1,3,2;18.03.2019;12:05:01
590;326;1;1,2;1,2;18.03.2019;13:34:48
591;326;2; 1,2,3 ;1,3,2;18.03.2019;13:35:06
592;327;1;1,2;1,2;18.03.2019;13:58:40
593;327;2; 1,2,3 ;1,3,2;18.03.2019;13:59:04
594;328;1;1,2;2,1;18.03.2019;14:27:57
595;328;2; 1,2,3 ;1,3,2;18.03.2019;14:28:30
596;328;3; 1,2,3 ;1,3,2;18.03.2019;14:28:58
597;329;1;1,2;1,2;18.03.2019;14:45:42
598;329;2; 1,2,3 ;3,2,1;18.03.2019;14:46:00
599;329;3; 1,2,3 ;1,3,2;18.03.2019;14:46:40
600;331;1;1,2;1,2;18.03.2019;17:07:38
601;331;2; 1,2,3 ;1,3,2;18.03.2019;17:07:52
602;331;3; 1,2,3 ;1,3,2;18.03.2019;17:08:21
603;332;1;1,2;2,1;18.03.2019;17:12:19
604;332;2; 1,2,3 ;1,3,2;18.03.2019;17:12:25
605;332;3; 1,2,3 ;1,2,3;18.03.2019;17:12:31
606;333;1;1,2;2,1;18.03.2019;17:52:44
607;333;2; 1,2,3 ;3,2,1;18.03.2019;17:52:59
608;333;3; 1,2,3 ;3,2,1;18.03.2019;17:53:46
609;335;1;1,2;1,2;18.03.2019;19:38:08
610;335;2; 1,2,3 ;1,3,2;18.03.2019;19:38:37
611;335;3; 1,2,3 ;1,3,2;18.03.2019;19:39:34
612;336;1;1,2;1,2;18.03.2019;20:43:44
613;336;2; 1,2,3 ;1,3,2;18.03.2019;20:44:08
614;336;3; 1,2,3 ;1,3,2;18.03.2019;20:45:28
615;338;1;1,2;1,2;19.03.2019;10:53:38
616;338;2; 1,2,3 ;1,3,2;19.03.2019;10:54:06
617;338;3; 1,2,3 ;1,3,2;19.03.2019;10:54:37
618;339;1;1,2;1,2;19.03.2019;11:10:10
619;339;2; 1,2,3 ;1,2,3;19.03.2019;11:10:28
620;340;1;1,2;1,2;19.03.2019;13:21:56
621;340;2; 1,2,3 ;1,2,3;19.03.2019;13:22:26
622;340;3; 1,2,3 ;1,3,2;19.03.2019;13:23:02
623;341;1;1,2;2,1;19.03.2019;13:27:10
624;341;2; 1,2,3 ;3,2,1;19.03.2019;13:27:19
625;345;1;1,2;1,2;19.03.2019;14:56:39
626;345;2; 1,2,3 ;1,3,2;19.03.2019;14:57:06
627;345;3; 1,2,3 ;1,3,2;19.03.2019;14:58:49
628;346;1;1,2;2,1;19.03.2019;15:08:13
629;346;2; 1,2,3 ;1,3,2;19.03.2019;15:08:36
630;348;1;1,2;1,2;19.03.2019;16:17:12
631;348;2; 1,2,3 ;1,3,2;19.03.2019;16:17:24
632;348;3; 1,2,3 ;1,3,2;19.03.2019;16:17:49
633;349;1;1,2;1,2;19.03.2019;21:03:27
634;349;2; 1,2,3 ;1,3,2;19.03.2019;21:03:47
635;349;3; 1,2,3 ;1,3,2;19.03.2019;21:04:31
636;351;1;1,2;2,1;20.03.2019;09:32:15
637;352;1;1,2;1,2;20.03.2019;11:02:33
638;352;2; 1,2,3 ;3,1,2;20.03.2019;11:02:49
639;352;3; 1,2,3 ;1,3,2;20.03.2019;11:03:05
640;353;1;1,2;1,2;20.03.2019;11:35:15
641;353;2; 1,2,3 ;3,1,2;20.03.2019;11:35:29
642;353;3; 1,2,3 ;3,1,2;20.03.2019;11:35:58
643;354;1;1,2;2,1;20.03.2019;11:49:48
644;354;2; 1,2,3 ;3,1,2;20.03.2019;11:49:59
645;355;1;1,2;1,2;20.03.2019;12:44:12
646;355;2; 1,2,3 ;3,1,2;20.03.2019;12:44:51
647;355;3; 1,2,3 ;3,1,2;20.03.2019;12:45:30
648;358;1;1,2;1,2;20.03.2019;13:17:05
649;359;1;1,2;1,2;20.03.2019;14:28:59
650;359;2; 1,2,3 ;1,3,2;20.03.2019;14:29:14
651;359;3; 1,2,3 ;1,3,2;20.03.2019;14:29:47
652;360;1;1,2;1,2;20.03.2019;14:58:09
653;360;2; 1,2,3 ;3,1,2;20.03.2019;14:58:31
654;360;3; 1,2,3 ;3,1,2;20.03.2019;14:59:22
655;361;1;1,2;1,2;20.03.2019;15:01:59
656;361;2; 1,2,3 ;3,1,2;20.03.2019;15:02:27
657;361;3; 1,2,3 ;1,2,3;20.03.2019;15:03:48
658;362;1;1,2;1,2;20.03.2019;15:05:14
659;362;2; 1,2,3 ;1,2,3;20.03.2019;15:05:45
660;362;3; 1,2,3 ;1,2,3;20.03.2019;15:06:10
661;363;1;1,2;2,1;20.03.2019;15:17:53
662;363;2; 1,2,3 ;3,2,1;20.03.2019;15:18:21
663;363;3; 1,2,3 ;3,2,1;20.03.2019;15:19:25
664;364;1;1,2;1,2;20.03.2019;15:21:04
665;364;2; 1,2,3 ;1,3,2;20.03.2019;15:21:24
666;364;3; 1,2,3 ;1,3,2;20.03.2019;15:21:59
667;365;1;1,2;1,2;20.03.2019;15:28:58
668;365;2; 1,2,3 ;3,1,2;20.03.2019;15:29:28
669;365;3; 1,2,3 ;3,1,2;20.03.2019;15:30:39
670;366;1;1,2;1,2;20.03.2019;15:35:34
671;366;2; 1,2,3 ;1,3,2;20.03.2019;15:36:06
672;366;3; 1,2,3 ;1,3,2;20.03.2019;15:37:30
673;368;1;1,2;1,2;20.03.2019;15:40:02
674;368;2; 1,2,3 ;1,3,2;20.03.2019;15:41:01
675;368;3; 1,2,3 ;3,1,2;20.03.2019;15:42:04
676;369;1;1,2;1,2;20.03.2019;15:52:28
677;369;2; 1,2,3 ;3,1,2;20.03.2019;15:52:45
678;369;3; 1,2,3 ;3,2,1;20.03.2019;15:53:45
679;370;1;1,2;2,1;20.03.2019;16:25:22
680;370;2; 1,2,3 ;3,2,1;20.03.2019;16:25:51
681;370;3; 1,2,3 ;3,2,1;20.03.2019;16:26:30
682;372;1;1,2;2,1;20.03.2019;19:29:52
683;372;2; 1,2,3 ;2,3,1;20.03.2019;19:30:01
684;372;3; 1,2,3 ;3,2,1;20.03.2019;19:30:31
685;373;1;1,2;2,1;20.03.2019;20:42:26
686;373;2; 1,2,3 ;2,3,1;20.03.2019;20:42:53
687;373;3; 1,2,3 ;2,3,1;20.03.2019;20:43:49
688;374;1;1,2;1,2;20.03.2019;21:46:03
689;374;2; 1,2,3 ;3,2,1;20.03.2019;21:46:10
690;374;3; 1,2,3 ;1,3,2;20.03.2019;21:46:40
691;375;1;1,2;1,2;21.03.2019;11:18:22
692;375;2; 1,2,3 ;1,3,2;21.03.2019;11:18:45
693;375;3; 1,2,3 ;1,3,2;21.03.2019;11:19:13
694;376;1;1,2;1,2;21.03.2019;12:09:25
695;376;2; 1,2,3 ;3,1,2;21.03.2019;12:09:58
696;378;1;1,2;1,2;21.03.2019;12:30:17
697;378;2; 1,2,3 ;1,2,3;21.03.2019;12:31:19
698;378;3; 1,2,3 ;3,1,2;21.03.2019;12:32:21
699;383;1;1,2;1,2;21.03.2019;18:40:45
700;383;2; 1,2,3 ;1,3,2;21.03.2019;18:41:47
701;384;1;1,2;1,2;21.03.2019;21:17:08
702;384;2; 1,2,3 ;1,3,2;21.03.2019;21:17:21
703;384;3; 1,2,3 ;1,3,2;21.03.2019;21:18:08
704;387;1;1,2;1,2;22.03.2019;11:20:11
705;387;2; 1,2,3 ;1,2,3;22.03.2019;11:20:45
706;387;3; 1,2,3 ;1,3,2;22.03.2019;11:21:23
707;389;1;1,2;1,2;22.03.2019;15:59:56
708;389;2; 1,2,3 ;1,3,2;22.03.2019;16:00:08
709;392;1;1,2;1,2;22.03.2019;18:17:45
710;392;2; 1,2,3 ;1,3,2;22.03.2019;18:18:06
711;392;3; 1,2,3 ;1,3,2;22.03.2019;18:18:47
712;394;1;1,2;1,2;22.03.2019;21:09:42
713;394;2; 1,2,3 ;1,3,2;22.03.2019;21:10:01
714;396;1;1,2;2,1;23.03.2019;11:56:04
715;396;2; 1,2,3 ;3,2,1;23.03.2019;11:56:28
716;396;3; 1,2,3 ;3,2,1;23.03.2019;11:57:03
717;397;1;1,2;1,2;23.03.2019;12:13:15
718;397;2; 1,2,3 ;1,3,2;23.03.2019;12:14:01
719;397;3; 1,2,3 ;3,1,2;23.03.2019;12:15:09
720;399;1;1,2;1,2;23.03.2019;15:20:43
721;399;2; 1,2,3 ;3,1,2;23.03.2019;15:20:58
722;399;3; 1,2,3 ;1,3,2;23.03.2019;15:21:31
723;400;1;1,2;2,1;23.03.2019;15:24:24
724;400;2; 1,2,3 ;1,3,2;23.03.2019;15:24:41
725;400;3; 1,2,3 ;3,1,2;23.03.2019;15:25:15
726;401;1;1,2;1,2;23.03.2019;21:47:54
727;401;2; 1,2,3 ;1,2,3;23.03.2019;21:48:13
728;401;3; 1,2,3 ;1,3,2;23.03.2019;21:48:34
729;402;1;1,2;1,2;23.03.2019;22:03:11
730;403;1;1,2;1,2;24.03.2019;13:59:24
731;403;2; 1,2,3 ;1,3,2;24.03.2019;13:59:45
732;403;3; 1,2,3 ;3,1,2;24.03.2019;14:00:54
733;404;1;1,2;1,2;24.03.2019;14:25:24
734;404;2; 1,2,3 ;1,2,3;24.03.2019;14:25:28
735;405;1;1,2;1,2;24.03.2019;15:28:51
736;405;2; 1,2,3 ;3,1,2;24.03.2019;15:29:08
737;405;3; 1,2,3 ;3,1,2;24.03.2019;15:29:42
738;406;1;1,2;2,1;24.03.2019;16:04:45
739;406;2; 1,2,3 ;3,2,1;24.03.2019;16:05:13
740;407;1;1,2;1,2;24.03.2019;16:30:56
741;407;2; 1,2,3 ;1,3,2;24.03.2019;16:32:06
742;407;3; 1,2,3 ;1,3,2;24.03.2019;16:33:57
743;408;1;1,2;1,2;24.03.2019;19:00:35
744;408;2; 1,2,3 ;1,2,3;24.03.2019;19:00:40
745;408;3; 1,2,3 ;3,2,1;24.03.2019;19:00:45
746;411;1;1,2;1,2;25.03.2019;15:18:13
747;411;2; 1,2,3 ;1,3,2;25.03.2019;15:18:34
748;411;3; 1,2,3 ;1,3,2;25.03.2019;15:18:56
749;412;1;1,2;1,2;25.03.2019;16:24:16
750;415;1;1,2;2,1;25.03.2019;17:12:35
751;415;2; 1,2,3 ;3,2,1;25.03.2019;17:12:57
752;415;3; 1,2,3 ;2,3,1;25.03.2019;17:13:33
753;416;1;1,2;2,1;25.03.2019;18:11:31
754;416;2; 1,2,3 ;1,3,2;25.03.2019;18:11:38
755;416;3; 1,2,3 ;1,2,3;25.03.2019;18:11:50
756;417;1;1,2;1,2;25.03.2019;19:26:58
757;417;2; 1,2,3 ;1,3,2;25.03.2019;19:27:22
758;417;3; 1,2,3 ;1,3,2;25.03.2019;19:28:13
759;418;1;1,2;1,2;25.03.2019;19:32:27
760;418;2; 1,2,3 ;1,3,2;25.03.2019;19:32:50
761;418;3; 1,2,3 ;1,3,2;25.03.2019;19:33:28
762;419;1;1,2;1,2;25.03.2019;20:09:00
763;419;2; 1,2,3 ;1,3,2;25.03.2019;20:09:08
764;419;3; 1,2,3 ;1,3,2;25.03.2019;20:09:28
765;421;1;1,2;1,2;26.03.2019;12:00:29
766;421;2; 1,2,3 ;1,3,2;26.03.2019;12:00:48
767;421;3; 1,2,3 ;1,3,2;26.03.2019;12:02:12
768;422;1;1,2;1,2;26.03.2019;12:07:07
769;422;2; 1,2,3 ;1,3,2;26.03.2019;12:07:26
770;422;3; 1,2,3 ;1,3,2;26.03.2019;12:08:13
771;424;1;1,2;2,1;26.03.2019;23:11:30
772;424;2; 1,2,3 ;2,3,1;26.03.2019;23:11:36
773;424;3; 1,2,3 ;2,3,1;26.03.2019;23:11:49
774;425;1;1,2;1,2;27.03.2019;12:18:12
775;425;2; 1,2,3 ;1,3,2;27.03.2019;12:18:39
776;425;3; 1,2,3 ;1,3,2;27.03.2019;12:19:31
777;427;1;1,2;1,2;27.03.2019;14:04:47
778;427;2; 1,2,3 ;1,2,3;27.03.2019;14:05:26
779;427;3; 1,2,3 ;1,3,2;27.03.2019;14:06:06
780;429;1;1,2;1,2;27.03.2019;15:54:47
781;429;2; 1,2,3 ;1,3,2;27.03.2019;15:55:05
782;429;3; 1,2,3 ;1,2,3;27.03.2019;15:55:56
783;432;1;1,2;1,2;27.03.2019;19:22:25
784;432;2; 1,2,3 ;3,1,2;27.03.2019;19:23:08
785;435;1;1,2;1,2;28.03.2019;17:08:08
786;435;2; 1,2,3 ;1,3,2;28.03.2019;17:08:38
787;435;3; 1,2,3 ;1,2,3;28.03.2019;17:08:59
788;436;1;1,2;2,1;28.03.2019;21:56:08
789;436;2; 1,2,3 ;2,3,1;28.03.2019;21:56:20
790;438;1;1,2;1,2;29.03.2019;11:29:25
791;438;2; 1,2,3 ;3,1,2;29.03.2019;11:29:55
792;438;3; 1,2,3 ;3,1,2;29.03.2019;11:30:37
793;439;1;1,2;1,2;29.03.2019;13:19:37
794;439;2; 1,2,3 ;3,1,2;29.03.2019;13:19:58
795;441;1;1,2;1,2;29.03.2019;16:06:33
796;441;2; 1,2,3 ;1,3,2;29.03.2019;16:06:42
797;441;3; 1,2,3 ;1,3,2;29.03.2019;16:07:03
798;442;1;1,2;1,2;29.03.2019;16:23:20
799;442;2; 1,2,3 ;3,1,2;29.03.2019;16:23:31
800;443;1;1,2;1,2;29.03.2019;17:04:12
801;443;2; 1,2,3 ;1,2,3;29.03.2019;17:04:48
802;443;3; 1,2,3 ;1,3,2;29.03.2019;17:05:47
803;444;1;1,2;1,2;29.03.2019;17:47:55
804;445;1;1,2;1,2;29.03.2019;19:02:22
805;445;2; 1,2,3 ;1,3,2;29.03.2019;19:02:38
806;445;3; 1,2,3 ;1,3,2;29.03.2019;19:03:23
807;446;1;1,2;1,2;29.03.2019;19:23:28
808;446;2; 1,2,3 ;1,3,2;29.03.2019;19:23:56
809;446;3; 1,2,3 ;1,3,2;29.03.2019;19:24:26
810;447;1;1,2;1,2;29.03.2019;19:51:44
811;447;2; 1,2,3 ;3,1,2;29.03.2019;19:52:06
812;447;3; 1,2,3 ;1,3,2;29.03.2019;19:52:40
813;448;1;1,2;2,1;29.03.2019;23:08:04
814;449;1;1,2;1,2;30.03.2019;16:29:59
815;449;2; 1,2,3 ;2,1,3;30.03.2019;16:30:15
816;449;3; 1,2,3 ;1,3,2;30.03.2019;16:30:42
817;451;1;1,2;1,2;31.03.2019;14:57:05
818;451;2; 1,2,3 ;1,3,2;31.03.2019;14:57:20
819;451;3; 1,2,3 ;1,3,2;31.03.2019;14:57:49
820;454;1;1,2;2,1;31.03.2019;17:13:38
821;454;2; 1,2,3 ;2,1,3;31.03.2019;17:14:16
822;454;3; 1,2,3 ;2,1,3;31.03.2019;17:15:34
823;456;1;1,2;1,2;31.03.2019;20:46:34
824;456;2; 1,2,3 ;1,3,2;31.03.2019;20:46:53
825;456;3; 1,2,3 ;1,3,2;31.03.2019;20:47:25
826;457;1;1,2;1,2;01.04.2019;12:30:39
827;457;2; 1,2,3 ;1,3,2;01.04.2019;12:30:51
828;457;3; 1,2,3 ;1,2,3;01.04.2019;12:31:12
829;458;1;1,2;1,2;01.04.2019;13:14:48
830;458;2; 1,2,3 ;1,3,2;01.04.2019;13:15:05
831;458;3; 1,2,3 ;1,3,2;01.04.2019;13:15:46
832;459;1;1,2;1,2;01.04.2019;15:04:34
833;459;2; 1,2,3 ;3,1,2;01.04.2019;15:04:54
834;459;3; 1,2,3 ;3,1,2;01.04.2019;15:05:39
835;460;1;1,2;1,2;01.04.2019;16:25:35
836;460;2; 1,2,3 ;1,3,2;01.04.2019;16:25:57
837;460;3; 1,2,3 ;1,3,2;01.04.2019;16:26:47
838;461;1;1,2;1,2;01.04.2019;18:35:46
839;461;2; 1,2,3 ;3,1,2;01.04.2019;18:36:08
840;463;1;1,2;2,1;01.04.2019;21:18:42
841;463;2; 1,2,3 ;2,1,3;01.04.2019;21:19:24
842;463;3; 1,2,3 ;2,1,3;01.04.2019;21:20:01
843;464;1;1,2;1,2;03.04.2019;19:08:45
844;464;2; 1,2,3 ;1,3,2;03.04.2019;19:08:54
845;464;3; 1,2,3 ;1,3,2;03.04.2019;19:09:15
846;465;1;1,2;1,2;03.04.2019;22:55:44
847;466;1;1,2;1,2;03.04.2019;23:02:40
848;466;2; 1,2,3 ;3,1,2;03.04.2019;23:02:51
849;466;3; 1,2,3 ;3,2,1;03.04.2019;23:03:43
850;467;1;1,2;1,2;03.04.2019;23:26:49
851;467;2; 1,2,3 ;3,1,2;03.04.2019;23:27:03
852;468;1;1,2;1,2;04.04.2019;13:56:19
853;468;2; 1,2,3 ;1,3,2;04.04.2019;13:56:34
854;468;3; 1,2,3 ;1,3,2;04.04.2019;13:57:18
855;469;1;1,2;1,2;04.04.2019;15:30:17
856;469;2; 1,2,3 ;1,3,2;04.04.2019;15:30:30
857;471;1;1,2;1,2;04.04.2019;19:30:46
858;471;2; 1,2,3 ;1,3,2;04.04.2019;19:31:02
859;471;3; 1,2,3 ;1,3,2;04.04.2019;19:31:46
860;472;1;1,2;2,1;05.04.2019;00:20:05
861;472;2; 1,2,3 ;3,2,1;05.04.2019;00:20:09
862;472;3; 1,2,3 ;2,3,1;05.04.2019;00:20:15
863;473;1;1,2;1,2;05.04.2019;09:19:08
864;473;2; 1,2,3 ;1,3,2;05.04.2019;09:19:35
865;473;3; 1,2,3 ;1,3,2;05.04.2019;09:20:40
866;477;1;1,2;1,2;05.04.2019;15:02:59
867;477;2; 1,2,3 ;3,1,2;05.04.2019;15:03:18
868;477;3; 1,2,3 ;3,1,2;05.04.2019;15:04:03
869;480;1;1,2;1,2;05.04.2019;16:07:06
870;480;2; 1,2,3 ;3,1,2;05.04.2019;16:07:40
871;480;3; 1,2,3 ;3,1,2;05.04.2019;16:08:53
872;481;1;1,2;2,1;05.04.2019;18:31:33
873;481;2; 1,2,3 ;2,3,1;05.04.2019;18:32:32
874;481;3; 1,2,3 ;2,3,1;05.04.2019;18:34:02
875;482;1;1,2;1,2;05.04.2019;19:55:04
876;482;2; 1,2,3 ;1,3,2;05.04.2019;19:55:20
877;482;3; 1,2,3 ;1,3,2;05.04.2019;19:55:54
878;483;1;1,2;1,2;05.04.2019;20:39:56
879;483;2; 1,2,3 ;1,3,2;05.04.2019;20:40:30
880;484;1;1,2;2,1;06.04.2019;11:44:44
881;484;2; 1,2,3 ;3,2,1;06.04.2019;11:44:57
882;484;3; 1,2,3 ;3,2,1;06.04.2019;11:45:48
883;485;1;1,2;2,1;06.04.2019;11:47:50
884;485;2; 1,2,3 ;3,2,1;06.04.2019;11:47:56
885;485;3; 1,2,3 ;3,2,1;06.04.2019;11:48:05
886;488;1;1,2;2,1;06.04.2019;18:27:39
887;488;2; 1,2,3 ;1,3,2;06.04.2019;18:27:47
888;488;3; 1,2,3 ;1,3,2;06.04.2019;18:28:03
889;489;1;1,2;1,2;06.04.2019;19:11:25
890;489;2; 1,2,3 ;3,1,2;06.04.2019;19:11:54
891;490;1;1,2;1,2;06.04.2019;19:14:21
892;490;2; 1,2,3 ;3,1,2;06.04.2019;19:14:28
893;490;3; 1,2,3 ;3,1,2;06.04.2019;19:14:58
894;492;1;1,2;2,1;07.04.2019;17:57:00
895;493;1;1,2;1,2;07.04.2019;19:32:54
896;494;1;1,2;1,2;07.04.2019;19:33:12
897;494;2; 1,2,3 ;3,1,2;07.04.2019;19:34:13
898;494;3; 1,2,3 ;3,1,2;07.04.2019;19:37:12
899;496;1;1,2;1,2;08.04.2019;10:58:57
900;496;2; 1,2,3 ;3,1,2;08.04.2019;11:00:15
901;496;3; 1,2,3 ;3,1,2;08.04.2019;11:00:58
902;497;1;1,2;1,2;08.04.2019;14:05:34
903;498;1;1,2;1,2;08.04.2019;14:50:32
904;498;2; 1,2,3 ;3,1,2;08.04.2019;14:50:47
905;498;3; 1,2,3 ;3,1,2;08.04.2019;14:51:23
906;499;1;1,2;1,2;08.04.2019;14:52:50
907;499;2; 1,2,3 ;1,3,2;08.04.2019;14:52:53
908;501;1;1,2;1,2;08.04.2019;16:45:08
909;501;2; 1,2,3 ;1,3,2;08.04.2019;16:45:22
910;501;3; 1,2,3 ;1,3,2;08.04.2019;16:46:05
911;503;1;1,2;1,2;08.04.2019;17:16:54
912;503;2; 1,2,3 ;1,3,2;08.04.2019;17:17:18
913;503;3; 1,2,3 ;3,1,2;08.04.2019;17:18:22
914;505;1;1,2;1,2;09.04.2019;12:58:17
915;505;2; 1,2,3 ;3,1,2;09.04.2019;12:58:37
916;505;3; 1,2,3 ;3,1,2;09.04.2019;12:58:54
917;506;1;1,2;2,1;09.04.2019;13:04:39
918;506;2; 1,2,3 ;1,2,3;09.04.2019;13:04:53
919;507;1;1,2;2,1;09.04.2019;15:47:17
920;507;2; 1,2,3 ;1,3,2;09.04.2019;15:47:46
921;508;1;1,2;1,2;09.04.2019;18:15:18
922;508;2; 1,2,3 ;3,1,2;09.04.2019;18:15:41
923;508;3; 1,2,3 ;3,1,2;09.04.2019;18:16:28
924;509;1;1,2;1,2;09.04.2019;18:52:47
925;509;2; 1,2,3 ;1,3,2;09.04.2019;18:53:01
926;509;3; 1,2,3 ;1,3,2;09.04.2019;18:53:36
927;510;1;1,2;1,2;09.04.2019;21:40:52
928;510;2; 1,2,3 ;1,2,3;09.04.2019;21:41:23
929;514;1;1,2;1,2;10.04.2019;13:00:04
930;514;2; 1,2,3 ;1,3,2;10.04.2019;13:00:34
931;515;1;1,2;1,2;10.04.2019;14:18:57
932;515;2; 1,2,3 ;1,3,2;10.04.2019;14:19:23
933;515;3; 1,2,3 ;1,3,2;10.04.2019;14:19:55
934;516;1;1,2;1,2;10.04.2019;14:23:03
935;516;2; 1,2,3 ;1,3,2;10.04.2019;14:23:17
936;516;3; 1,2,3 ;1,3,2;10.04.2019;14:23:55
937;517;1;1,2;2,1;10.04.2019;14:28:42
938;518;1;1,2;1,2;10.04.2019;14:29:06
939;518;2; 1,2,3 ;3,1,2;10.04.2019;14:29:21
940;518;3; 1,2,3 ;1,3,2;10.04.2019;14:30:36
941;519;1;1,2;1,2;10.04.2019;15:36:32
942;519;2; 1,2,3 ;1,3,2;10.04.2019;15:36:37
943;519;3; 1,2,3 ;1,3,2;10.04.2019;15:36:42
944;523;1;1,2;1,2;11.04.2019;11:26:47
945;523;2; 1,2,3 ;1,3,2;11.04.2019;11:27:06
946;523;3; 1,2,3 ;1,3,2;11.04.2019;11:28:06
947;524;1;1,2;1,2;11.04.2019;11:39:07
948;524;2; 1,2,3 ;3,1,2;11.04.2019;11:39:42
949;524;3; 1,2,3 ;3,1,2;11.04.2019;11:40:37
950;525;1;1,2;1,2;11.04.2019;11:42:00
951;525;2; 1,2,3 ;3,1,2;11.04.2019;11:42:13
952;525;3; 1,2,3 ;3,1,2;11.04.2019;11:42:43
953;526;1;1,2;1,2;11.04.2019;11:45:06
954;526;2; 1,2,3 ;1,3,2;11.04.2019;11:45:25
955;526;3; 1,2,3 ;1,3,2;11.04.2019;11:46:07
956;527;1;1,2;1,2;11.04.2019;11:58:04
957;527;2; 1,2,3 ;3,1,2;11.04.2019;11:58:19
958;527;3; 1,2,3 ;1,3,2;11.04.2019;11:58:40
959;530;1;1,2;1,2;11.04.2019;13:02:02
960;530;2; 1,2,3 ;1,3,2;11.04.2019;13:02:17
961;530;3; 1,2,3 ;1,3,2;11.04.2019;13:03:04
962;531;1;1,2;1,2;11.04.2019;13:05:17
963;531;2; 1,2,3 ;1,3,2;11.04.2019;13:05:37
964;531;3; 1,2,3 ;1,3,2;11.04.2019;13:06:07
965;532;1;1,2;1,2;11.04.2019;15:32:14
966;532;2; 1,2,3 ;2,1,3;11.04.2019;15:32:50
967;532;3; 1,2,3 ;3,1,2;11.04.2019;15:33:30
968;533;1;1,2;1,2;11.04.2019;15:56:09
969;533;2; 1,2,3 ;3,1,2;11.04.2019;15:56:27
970;533;3; 1,2,3 ;3,1,2;11.04.2019;15:56:49
971;535;1;1,2;1,2;11.04.2019;21:13:12
972;535;2; 1,2,3 ;1,2,3;11.04.2019;21:13:41
973;535;3; 1,2,3 ;1,3,2;11.04.2019;21:14:22
974;537;1;1,2;1,2;12.04.2019;12:15:06
975;537;2; 1,2,3 ;1,3,2;12.04.2019;12:15:27
976;537;3; 1,2,3 ;1,3,2;12.04.2019;12:15:45
977;538;1;1,2;1,2;12.04.2019;14:29:25
978;538;2; 1,2,3 ;1,3,2;12.04.2019;14:29:43
979;538;3; 1,2,3 ;1,3,2;12.04.2019;14:30:32
980;539;1;1,2;1,2;12.04.2019;15:02:02
981;539;2; 1,2,3 ;1,3,2;12.04.2019;15:02:21
982;539;3; 1,2,3 ;1,3,2;12.04.2019;15:03:16
983;540;1;1,2;1,2;12.04.2019;20:02:52
984;540;2; 1,2,3 ;1,3,2;12.04.2019;20:03:08
985;540;3; 1,2,3 ;1,3,2;12.04.2019;20:03:38
986;541;1;1,2;2,1;12.04.2019;21:10:26
987;541;2; 1,2,3 ;2,1,3;12.04.2019;21:10:42
988;541;3; 1,2,3 ;2,1,3;12.04.2019;21:11:22
989;545;1;1,2;1,2;13.04.2019;15:38:21
990;545;2; 1,2,3 ;1,3,2;13.04.2019;15:38:43
991;545;3; 1,2,3 ;1,3,2;13.04.2019;15:39:23
992;547;1;1,2;2,1;13.04.2019;16:15:22
993;548;1;1,2;2,1;13.04.2019;16:15:38
994;549;1;1,2;1,2;13.04.2019;16:15:48
995;549;2; 1,2,3 ;3,1,2;13.04.2019;16:15:56
996;549;3; 1,2,3 ;3,1,2;13.04.2019;16:16:23
997;551;1;1,2;1,2;13.04.2019;19:56:11
998;551;2; 1,2,3 ;1,3,2;13.04.2019;19:56:34
999;551;3; 1,2,3 ;1,3,2;13.04.2019;19:57:12
1000;553;1;1,2;1,2;14.04.2019;13:38:43
1001;553;2; 1,2,3 ;1,3,2;14.04.2019;13:38:58
1002;553;3; 1,2,3 ;1,3,2;14.04.2019;13:39:39
1003;554;1;1,2;1,2;14.04.2019;14:24:58
1004;554;2; 1,2,3 ;2,3,1;14.04.2019;14:25:27
1005;554;3; 1,2,3 ;3,1,2;14.04.2019;14:27:01
1006;555;1;1,2;1,2;14.04.2019;14:29:10
1007;555;2; 1,2,3 ;3,1,2;14.04.2019;14:29:30
1008;555;3; 1,2,3 ;3,1,2;14.04.2019;14:29:56
1009;556;1;1,2;1,2;14.04.2019;14:53:06
1010;556;2; 1,2,3 ;3,1,2;14.04.2019;14:53:27
1011;556;3; 1,2,3 ;1,3,2;14.04.2019;14:53:55
1012;557;1;1,2;1,2;14.04.2019;16:17:20
1013;557;2; 1,2,3 ;1,3,2;14.04.2019;16:17:38
1014;557;3; 1,2,3 ;1,3,2;14.04.2019;16:17:56
1015;559;1;1,2;1,2;14.04.2019;19:34:34
1016;559;2; 1,2,3 ;1,3,2;14.04.2019;19:34:57
1017;559;3; 1,2,3 ;1,3,2;14.04.2019;19:35:35
1018;560;1;1,2;1,2;14.04.2019;21:07:40
1019;564;1;1,2;2,1;15.04.2019;16:36:41
1020;564;2; 1,2,3 ;3,2,1;15.04.2019;16:36:53
1021;564;3; 1,2,3 ;1,2,3;15.04.2019;16:37:21
1022;565;1;1,2;1,2;15.04.2019;16:59:37
1023;565;2; 1,2,3 ;3,1,2;15.04.2019;17:00:14
1024;566;1;1,2;1,2;15.04.2019;18:06:17
1025;566;2; 1,2,3 ;3,1,2;15.04.2019;18:06:33
1026;566;3; 1,2,3 ;3,1,2;15.04.2019;18:06:53
1027;567;1;1,2;1,2;15.04.2019;19:21:10
1028;567;2; 1,2,3 ;1,3,2;15.04.2019;19:21:23
1029;567;3; 1,2,3 ;3,1,2;15.04.2019;19:21:56
1030;568;1;1,2;2,1;15.04.2019;20:42:59
1031;568;2; 1,2,3 ;3,1,2;15.04.2019;20:43:07
1032;568;3; 1,2,3 ;1,3,2;15.04.2019;20:43:22
1033;569;1;1,2;1,2;15.04.2019;21:25:53
1034;569;2; 1,2,3 ;1,3,2;15.04.2019;21:26:25
1035;570;1;1,2;2,1;15.04.2019;21:37:45
1036;570;2; 1,2,3 ;2,3,1;15.04.2019;21:37:55
1037;570;3; 1,2,3 ;2,3,1;15.04.2019;21:38:18
1038;573;1;1,2;1,2;16.04.2019;14:17:21
1039;573;2; 1,2,3 ;1,2,3;16.04.2019;14:18:06
1040;573;3; 1,2,3 ;1,2,3;16.04.2019;14:19:23
1041;574;1;1,2;1,2;16.04.2019;14:21:56
1042;574;2; 1,2,3 ;1,3,2;16.04.2019;14:22:44
1043;574;3; 1,2,3 ;1,3,2;16.04.2019;14:23:39
1044;575;1;1,2;1,2;16.04.2019;14:25:38
1045;576;1;1,2;1,2;16.04.2019;14:37:21
1046;576;2; 1,2,3 ;1,3,2;16.04.2019;14:37:40
1047;577;1;1,2;1,2;16.04.2019;15:20:08
1048;577;2; 1,2,3 ;1,2,3;16.04.2019;15:20:49
1049;577;3; 1,2,3 ;1,3,2;16.04.2019;15:21:54
1050;578;1;1,2;1,2;16.04.2019;15:30:42
1051;578;2; 1,2,3 ;1,3,2;16.04.2019;15:30:55
1052;578;3; 1,2,3 ;1,3,2;16.04.2019;15:31:31
1053;579;1;1,2;1,2;16.04.2019;15:35:38
1054;579;2; 1,2,3 ;1,3,2;16.04.2019;15:35:54
1055;580;1;1,2;1,2;16.04.2019;15:37:08
1056;580;2; 1,2,3 ;1,3,2;16.04.2019;15:37:19
1057;580;3; 1,2,3 ;3,1,2;16.04.2019;15:37:38
1058;581;1;1,2;1,2;16.04.2019;15:38:23
1059;581;2; 1,2,3 ;1,3,2;16.04.2019;15:38:34
1060;581;3; 1,2,3 ;1,3,2;16.04.2019;15:38:48
1061;582;1;1,2;1,2;16.04.2019;15:41:09
1062;582;2; 1,2,3 ;1,3,2;16.04.2019;15:41:42
1063;582;3; 1,2,3 ;3,1,2;16.04.2019;15:42:39
1064;583;1;1,2;2,1;16.04.2019;15:44:34
1065;583;2; 1,2,3 ;3,1,2;16.04.2019;15:44:47
1066;583;3; 1,2,3 ;3,1,2;16.04.2019;15:45:21
1067;584;1;1,2;1,2;16.04.2019;15:46:54
1068;584;2; 1,2,3 ;1,3,2;16.04.2019;15:47:27
1069;584;3; 1,2,3 ;1,3,2;16.04.2019;15:48:35
1070;585;1;1,2;1,2;16.04.2019;15:50:25
1071;585;2; 1,2,3 ;1,3,2;16.04.2019;15:50:42
1072;585;3; 1,2,3 ;3,1,2;16.04.2019;15:51:16
1073;586;1;1,2;1,2;16.04.2019;15:54:27
1074;586;2; 1,2,3 ;1,3,2;16.04.2019;15:54:47
1075;586;3; 1,2,3 ;1,3,2;16.04.2019;15:55:26
1076;587;1;1,2;1,2;16.04.2019;15:59:03
1077;587;2; 1,2,3 ;3,1,2;16.04.2019;15:59:14
1078;587;3; 1,2,3 ;3,1,2;16.04.2019;15:59:52
1079;588;1;1,2;1,2;16.04.2019;16:01:16
1080;588;2; 1,2,3 ;3,1,2;16.04.2019;16:01:36
1081;588;3; 1,2,3 ;3,1,2;16.04.2019;16:02:30
1082;589;1;1,2;1,2;16.04.2019;16:03:56
1083;589;2; 1,2,3 ;3,1,2;16.04.2019;16:04:03
1084;589;3; 1,2,3 ;3,1,2;16.04.2019;16:04:29
1085;591;1;1,2;2,1;16.04.2019;16:10:21
1086;591;2; 1,2,3 ;2,3,1;16.04.2019;16:10:37
1087;591;3; 1,2,3 ;3,1,2;16.04.2019;16:11:16
1088;592;1;1,2;2,1;16.04.2019;17:20:04
1089;592;2; 1,2,3 ;3,2,1;16.04.2019;17:20:27
1090;593;1;1,2;2,1;16.04.2019;18:26:47
1091;593;2; 1,2,3 ;3,1,2;16.04.2019;18:26:54
1092;593;3; 1,2,3 ;1,3,2;16.04.2019;18:28:24
1093;594;1;1,2;1,2;16.04.2019;18:40:56
1094;594;2; 1,2,3 ;1,3,2;16.04.2019;18:41:19
1095;594;3; 1,2,3 ;1,3,2;16.04.2019;18:42:04
1096;597;1;1,2;1,2;17.04.2019;19:48:46
1097;597;2; 1,2,3 ;1,3,2;17.04.2019;19:48:58
1098;597;3; 1,2,3 ;1,3,2;17.04.2019;19:49:32
1099;599;1;1,2;1,2;18.04.2019;08:36:44
1100;599;2; 1,2,3 ;3,1,2;18.04.2019;08:36:57
1101;599;3; 1,2,3 ;3,1,2;18.04.2019;08:37:27
1102;600;1;1,2;1,2;18.04.2019;08:41:36
1103;600;2; 1,2,3 ;1,3,2;18.04.2019;08:42:11
1104;600;3; 1,2,3 ;1,3,2;18.04.2019;08:42:43
1105;602;1;1,2;1,2;18.04.2019;15:18:13
1106;606;1;1,2;2,1;20.04.2019;11:03:53
1107;609;1;1,2;1,2;20.04.2019;16:56:19
1108;609;2; 1,2,3 ;1,3,2;20.04.2019;16:56:32
1109;609;3; 1,2,3 ;1,3,2;20.04.2019;16:56:48
1110;610;1;1,2;1,2;20.04.2019;17:03:48
1111;610;2; 1,2,3 ;1,3,2;20.04.2019;17:03:56
1112;610;3; 1,2,3 ;3,1,2;20.04.2019;17:04:10
1113;612;1;1,2;1,2;20.04.2019;18:30:30
1114;612;2; 1,2,3 ;3,1,2;20.04.2019;18:30:41
1115;612;3; 1,2,3 ;3,1,2;20.04.2019;18:31:06
1116;613;1;1,2;2,1;20.04.2019;20:01:25
1117;613;2; 1,2,3 ;3,2,1;20.04.2019;20:02:05
1118;613;3; 1,2,3 ;3,2,1;20.04.2019;20:02:42
1119;615;1;1,2;1,2;23.04.2019;11:06:22
1120;615;2; 1,2,3 ;1,3,2;23.04.2019;11:06:49
1121;615;3; 1,2,3 ;3,1,2;23.04.2019;11:08:18
1122;617;1;1,2;1,2;23.04.2019;11:13:55
1123;617;2; 1,2,3 ;1,3,2;23.04.2019;11:14:16
1124;617;3; 1,2,3 ;1,3,2;23.04.2019;11:15:02
1125;619;1;1,2;2,1;23.04.2019;12:19:11
1126;619;2; 1,2,3 ;3,2,1;23.04.2019;12:19:19
1127;619;3; 1,2,3 ;3,1,2;23.04.2019;12:19:34
1128;620;1;1,2;2,1;23.04.2019;12:19:52
1129;620;2; 1,2,3 ;3,1,2;23.04.2019;12:20:02
1130;622;1;1,2;1,2;23.04.2019;13:20:57
1131;622;2; 1,2,3 ;1,3,2;23.04.2019;13:21:12
1132;622;3; 1,2,3 ;1,3,2;23.04.2019;13:21:43
1133;623;1;1,2;1,2;23.04.2019;14:56:15
1134;623;2; 1,2,3 ;1,3,2;23.04.2019;14:56:59
1135;625;1;1,2;1,2;24.04.2019;12:35:35
1136;625;2; 1,2,3 ;3,1,2;24.04.2019;12:36:01
1137;625;3; 1,2,3 ;3,1,2;24.04.2019;12:36:47
1138;626;1;1,2;2,1;24.04.2019;13:15:54
1139;626;2; 1,2,3 ;2,3,1;24.04.2019;13:16:36
1140;626;3; 1,2,3 ;2,3,1;24.04.2019;13:17:40
1141;627;1;1,2;1,2;24.04.2019;13:29:41
1142;627;2; 1,2,3 ;1,3,2;24.04.2019;13:29:58
1143;627;3; 1,2,3 ;1,3,2;24.04.2019;13:30:59
1144;629;1;1,2;1,2;24.04.2019;13:57:15
1145;629;2; 1,2,3 ;1,3,2;24.04.2019;13:58:26
1146;631;1;1,2;1,2;24.04.2019;16:03:09
1147;631;2; 1,2,3 ;1,3,2;24.04.2019;16:03:16
1148;631;3; 1,2,3 ;1,3,2;24.04.2019;16:03:35
1149;633;1;1,2;1,2;24.04.2019;16:31:13
1150;633;2; 1,2,3 ;1,3,2;24.04.2019;16:31:38
1151;634;1;1,2;1,2;24.04.2019;16:56:21
1152;634;2; 1,2,3 ;3,2,1;24.04.2019;16:57:01
1153;634;3; 1,2,3 ;3,2,1;24.04.2019;16:57:50
1154;635;1;1,2;1,2;24.04.2019;18:00:03
1155;635;2; 1,2,3 ;3,1,2;24.04.2019;18:00:20
1156;635;3; 1,2,3 ;1,3,2;24.04.2019;18:00:50
1157;636;1;1,2;1,2;24.04.2019;19:05:03
1158;636;2; 1,2,3 ;1,3,2;24.04.2019;19:05:24
1159;637;1;1,2;1,2;24.04.2019;19:21:52
1160;637;2; 1,2,3 ;1,3,2;24.04.2019;19:22:12
1161;637;3; 1,2,3 ;1,3,2;24.04.2019;19:22:52
1162;639;1;1,2;1,2;24.04.2019;21:54:07
1163;639;2; 1,2,3 ;1,3,2;24.04.2019;21:54:37
1164;640;1;1,2;1,2;25.04.2019;10:49:38
1165;640;2; 1,2,3 ;3,1,2;25.04.2019;10:49:48
1166;640;3; 1,2,3 ;3,1,2;25.04.2019;10:50:05
1167;642;1;1,2;1,2;25.04.2019;11:24:51
1168;642;2; 1,2,3 ;1,3,2;25.04.2019;11:25:03
1169;643;1;1,2;1,2;25.04.2019;12:25:13
1170;643;2; 1,2,3 ;1,2,3;25.04.2019;12:25:32
1171;643;3; 1,2,3 ;1,3,2;25.04.2019;12:26:14
1172;644;1;1,2;1,2;25.04.2019;13:48:52
1173;644;2; 1,2,3 ;3,1,2;25.04.2019;13:49:14
1174;644;3; 1,2,3 ;3,1,2;25.04.2019;13:49:59
1175;645;1;1,2;1,2;25.04.2019;15:16:35
1176;645;2; 1,2,3 ;1,3,2;25.04.2019;15:16:51
1177;646;1;1,2;1,2;25.04.2019;16:50:56
1178;646;2; 1,2,3 ;3,1,2;25.04.2019;16:51:09
1179;646;3; 1,2,3 ;3,1,2;25.04.2019;16:51:33
1180;647;1;1,2;1,2;25.04.2019;16:52:46
1181;647;2; 1,2,3 ;1,3,2;25.04.2019;16:52:59
1182;647;3; 1,2,3 ;1,3,2;25.04.2019;16:53:35
1183;651;1;1,2;1,2;26.04.2019;15:27:51
1184;651;2; 1,2,3 ;1,3,2;26.04.2019;15:28:07
1185;653;1;1,2;1,2;27.04.2019;14:35:51
1186;653;2; 1,2,3 ;1,3,2;27.04.2019;14:36:30
1187;654;1;1,2;1,2;27.04.2019;18:06:17
1188;654;2; 1,2,3 ;1,3,2;27.04.2019;18:06:40
1189;657;1;1,2;1,2;28.04.2019;15:56:36
1190;657;2; 1,2,3 ;3,1,2;28.04.2019;15:57:01
1191;657;3; 1,2,3 ;3,1,2;28.04.2019;15:57:39
1192;660;1;1,2;2,1;28.04.2019;19:21:38
1193;660;2; 1,2,3 ;3,2,1;28.04.2019;19:22:01
1194;660;3; 1,2,3 ;1,3,2;28.04.2019;19:22:45
1195;661;1;1,2;1,2;28.04.2019;19:56:39
1196;661;2; 1,2,3 ;1,3,2;28.04.2019;19:57:06
1197;661;3; 1,2,3 ;3,1,2;28.04.2019;19:57:51
1198;663;1;1,2;2,1;03.05.2019;10:08:50
1199;663;2; 1,2,3 ;3,1,2;03.05.2019;10:09:23
1200;663;3; 1,2,3 ;3,1,2;03.05.2019;10:10:00
1201;664;1;1,2;1,2;03.05.2019;10:11:45
1202;664;2; 1,2,3 ;1,3,2;03.05.2019;10:11:56
1203;664;3; 1,2,3 ;1,3,2;03.05.2019;10:12:23
1204;665;1;1,2;1,2;03.05.2019;10:23:45
1205;665;2; 1,2,3 ;3,1,2;03.05.2019;10:24:36
1206;665;3; 1,2,3 ;1,2,3;03.05.2019;10:25:44
1207;666;1;1,2;1,2;03.05.2019;10:32:12
1208;666;2; 1,2,3 ;1,3,2;03.05.2019;10:32:31
1209;666;3; 1,2,3 ;1,3,2;03.05.2019;10:33:12
1210;667;1;1,2;2,1;03.05.2019;10:37:18
1211;667;2; 1,2,3 ;2,3,1;03.05.2019;10:37:42
1212;667;3; 1,2,3 ;2,3,1;03.05.2019;10:38:19
1213;670;1;1,2;1,2;03.05.2019;10:52:16
1214;670;2; 1,2,3 ;1,3,2;03.05.2019;10:52:35
1215;670;3; 1,2,3 ;1,3,2;03.05.2019;10:52:49
1216;671;1;1,2;1,2;03.05.2019;11:04:25
1217;671;2; 1,2,3 ;1,3,2;03.05.2019;11:04:45
1218;671;3; 1,2,3 ;3,2,1;03.05.2019;11:05:24
1219;672;1;1,2;1,2;03.05.2019;11:08:51
1220;672;2; 1,2,3 ;3,1,2;03.05.2019;11:09:06
1221;672;3; 1,2,3 ;3,1,2;03.05.2019;11:09:25
1222;674;1;1,2;1,2;03.05.2019;15:04:08
1223;674;2; 1,2,3 ;3,1,2;03.05.2019;15:04:38
1224;674;3; 1,2,3 ;3,1,2;03.05.2019;15:06:08
1225;675;1;1,2;1,2;03.05.2019;15:34:27
1226;675;2; 1,2,3 ;2,1,3;03.05.2019;15:34:49
1227;675;3; 1,2,3 ;1,3,2;03.05.2019;15:35:42
1228;676;1;1,2;1,2;03.05.2019;17:08:14
1229;676;2; 1,2,3 ;2,3,1;03.05.2019;17:08:19
1230;678;1;1,2;1,2;03.05.2019;18:19:35
1231;678;2; 1,2,3 ;1,3,2;03.05.2019;18:19:50
1232;678;3; 1,2,3 ;1,3,2;03.05.2019;18:20:35
1233;679;1;1,2;1,2;03.05.2019;19:16:11
1234;679;2; 1,2,3 ;1,3,2;03.05.2019;19:16:34
1235;680;1;1,2;1,2;04.05.2019;14:08:41
1236;680;2; 1,2,3 ;1,3,2;04.05.2019;14:08:58
1237;680;3; 1,2,3 ;1,3,2;04.05.2019;14:09:38
1238;681;1;1,2;1,2;04.05.2019;15:49:48
1239;681;2; 1,2,3 ;1,3,2;04.05.2019;15:50:09
1240;681;3; 1,2,3 ;1,3,2;04.05.2019;15:51:06
1241;684;1;1,2;1,2;04.05.2019;17:30:35
1242;684;2; 1,2,3 ;1,3,2;04.05.2019;17:30:54
1243;684;3; 1,2,3 ;1,3,2;04.05.2019;17:31:50
1244;685;1;1,2;1,2;05.05.2019;11:43:44
1245;685;2; 1,2,3 ;3,1,2;05.05.2019;11:44:02
1246;685;3; 1,2,3 ;1,3,2;05.05.2019;11:44:20
1247;686;1;1,2;1,2;05.05.2019;12:08:26
1248;686;2; 1,2,3 ;1,3,2;05.05.2019;12:08:41
1249;686;3; 1,2,3 ;1,3,2;05.05.2019;12:09:15
1250;687;1;1,2;1,2;05.05.2019;14:43:43
1251;687;2; 1,2,3 ;1,3,2;05.05.2019;14:44:06
1252;687;3; 1,2,3 ;1,3,2;05.05.2019;14:44:41
1253;688;1;1,2;1,2;05.05.2019;14:59:14
1254;689;1;1,2;1,2;05.05.2019;15:04:46
1255;689;2; 1,2,3 ;1,3,2;05.05.2019;15:05:00
1256;689;3; 1,2,3 ;1,3,2;05.05.2019;15:05:47
1257;691;1;1,2;1,2;05.05.2019;17:21:38
1258;691;2; 1,2,3 ;1,3,2;05.05.2019;17:21:50
1259;691;3; 1,2,3 ;1,3,2;05.05.2019;17:22:22
1260;692;1;1,2;2,1;05.05.2019;17:38:19
1261;692;2; 1,2,3 ;3,2,1;05.05.2019;17:39:00
1262;693;1;1,2;1,2;05.05.2019;17:55:32
1263;694;1;1,2;1,2;05.05.2019;19:02:51
1264;694;2; 1,2,3 ;3,2,1;05.05.2019;19:02:58
1265;694;3; 1,2,3 ;2,1,3;05.05.2019;19:03:10
1266;695;1;1,2;1,2;05.05.2019;19:06:29
1267;695;2; 1,2,3 ;3,1,2;05.05.2019;19:07:11
1268;695;3; 1,2,3 ;3,1,2;05.05.2019;19:07:34
1269;697;1;1,2;1,2;06.05.2019;12:53:24
1270;697;2; 1,2,3 ;1,3,2;06.05.2019;12:53:27
1271;697;3; 1,2,3 ;3,2,1;06.05.2019;12:53:34
1272;698;1;1,2;1,2;06.05.2019;13:34:28
1273;698;2; 1,2,3 ;1,3,2;06.05.2019;13:34:55
1274;698;3; 1,2,3 ;1,3,2;06.05.2019;13:36:23
1275;699;1;1,2;2,1;06.05.2019;13:40:08
1276;699;2; 1,2,3 ;1,3,2;06.05.2019;13:40:48
1277;699;3; 1,2,3 ;1,2,3;06.05.2019;13:41:49
1278;700;1;1,2;1,2;06.05.2019;13:48:49
1279;700;2; 1,2,3 ;1,3,2;06.05.2019;13:49:02
1280;700;3; 1,2,3 ;1,3,2;06.05.2019;13:49:29
1281;701;1;1,2;1,2;06.05.2019;13:54:24
1282;701;2; 1,2,3 ;1,3,2;06.05.2019;13:54:32
1283;701;3; 1,2,3 ;3,1,2;06.05.2019;13:55:19
1284;702;1;1,2;1,2;06.05.2019;17:57:59
1285;702;2; 1,2,3 ;1,3,2;06.05.2019;17:58:12
1286;702;3; 1,2,3 ;1,3,2;06.05.2019;17:58:51
1287;703;1;1,2;2,1;06.05.2019;18:13:10
1288;704;1;1,2;1,2;06.05.2019;18:13:35
1289;704;2; 1,2,3 ;1,3,2;06.05.2019;18:13:46
1290;704;3; 1,2,3 ;1,3,2;06.05.2019;18:14:15
1291;705;1;1,2;1,2;06.05.2019;18:19:08
1292;705;2; 1,2,3 ;1,3,2;06.05.2019;18:19:27
1293;705;3; 1,2,3 ;1,3,2;06.05.2019;18:20:06
1294;706;1;1,2;1,2;07.05.2019;09:56:30
1295;706;2; 1,2,3 ;1,3,2;07.05.2019;09:56:40
1296;706;3; 1,2,3 ;1,2,3;07.05.2019;09:57:04
1297;707;1;1,2;1,2;07.05.2019;13:18:11
1298;707;2; 1,2,3 ;1,3,2;07.05.2019;13:18:34
1299;707;3; 1,2,3 ;1,3,2;07.05.2019;13:19:35
1300;709;1;1,2;1,2;07.05.2019;15:18:14
1301;709;2; 1,2,3 ;1,3,2;07.05.2019;15:18:33
1302;709;3; 1,2,3 ;1,3,2;07.05.2019;15:19:17
1303;710;1;1,2;2,1;07.05.2019;18:09:22
1304;710;2; 1,2,3 ;3,2,1;07.05.2019;18:09:39
1305;710;3; 1,2,3 ;3,2,1;07.05.2019;18:10:27
1306;711;1;1,2;1,2;08.05.2019;10:46:47
1307;711;2; 1,2,3 ;1,3,2;08.05.2019;10:47:08
1308;711;3; 1,2,3 ;1,3,2;08.05.2019;10:47:49
1309;712;1;1,2;2,1;08.05.2019;13:53:10
1310;714;1;1,2;1,2;09.05.2019;11:29:36
1311;714;2; 1,2,3 ;1,3,2;09.05.2019;11:29:43
1312;714;3; 1,2,3 ;1,3,2;09.05.2019;11:29:55
1313;716;1;1,2;1,2;09.05.2019;17:33:07
1314;716;2; 1,2,3 ;1,3,2;09.05.2019;17:33:30
1315;716;3; 1,2,3 ;1,3,2;09.05.2019;17:34:00
1316;717;1;1,2;1,2;09.05.2019;17:45:41
1317;717;2; 1,2,3 ;3,1,2;09.05.2019;17:45:53
1318;718;1;1,2;1,2;10.05.2019;08:39:41
1319;718;2; 1,2,3 ;1,3,2;10.05.2019;08:40:15
1320;718;3; 1,2,3 ;3,1,2;10.05.2019;08:41:03
1321;719;1;1,2;1,2;10.05.2019;19:04:14
1322;721;1;1,2;1,2;10.05.2019;22:45:05
1323;721;2; 1,2,3 ;1,3,2;10.05.2019;22:45:27
1324;721;3; 1,2,3 ;1,3,2;10.05.2019;22:46:15
1325;724;1;1,2;1,2;11.05.2019;20:41:34
1326;724;2; 1,2,3 ;1,3,2;11.05.2019;20:41:49
1327;724;3; 1,2,3 ;1,3,2;11.05.2019;20:42:26
1328;726;1;1,2;1,2;12.05.2019;13:09:20
1329;726;2; 1,2,3 ;1,3,2;12.05.2019;13:09:38
1330;726;3; 1,2,3 ;1,3,2;12.05.2019;13:10:12
1331;727;1;1,2;2,1;12.05.2019;18:24:12
1332;727;2; 1,2,3 ;3,2,1;12.05.2019;18:24:34
1333;727;3; 1,2,3 ;1,3,2;12.05.2019;18:25:09
1334;730;1;1,2;1,2;13.05.2019;11:18:14
1335;730;2; 1,2,3 ;1,3,2;13.05.2019;11:18:37
1336;730;3; 1,2,3 ;3,1,2;13.05.2019;11:19:10
1337;732;1;1,2;1,2;13.05.2019;14:00:13
1338;732;2; 1,2,3 ;1,3,2;13.05.2019;14:00:47
1339;734;1;1,2;1,2;13.05.2019;18:38:25
1340;734;2; 1,2,3 ;3,1,2;13.05.2019;18:39:50
1341;734;3; 1,2,3 ;3,1,2;13.05.2019;18:41:26
1342;736;1;1,2;1,2;14.05.2019;11:51:50
1343;736;2; 1,2,3 ;1,3,2;14.05.2019;11:52:04
1344;736;3; 1,2,3 ;1,3,2;14.05.2019;11:52:43
1345;737;1;1,2;1,2;14.05.2019;13:58:57
1346;737;2; 1,2,3 ;1,3,2;14.05.2019;13:59:23
1347;737;3; 1,2,3 ;1,3,2;14.05.2019;13:59:49
1348;738;1;1,2;1,2;14.05.2019;14:12:21
1349;738;2; 1,2,3 ;1,2,3;14.05.2019;14:12:42
1350;738;3; 1,2,3 ;1,3,2;14.05.2019;14:13:17
1351;740;1;1,2;1,2;14.05.2019;15:15:45
1352;740;2; 1,2,3 ;3,1,2;14.05.2019;15:16:05
1353;740;3; 1,2,3 ;3,1,2;14.05.2019;15:16:44
1354;741;1;1,2;1,2;14.05.2019;19:58:50
1355;741;2; 1,2,3 ;3,1,2;14.05.2019;19:59:02
1356;741;3; 1,2,3 ;3,1,2;14.05.2019;19:59:41
1357;742;1;1,2;1,2;14.05.2019;20:05:25
1358;743;1;1,2;1,2;14.05.2019;20:05:44
1359;743;2; 1,2,3 ;3,1,2;14.05.2019;20:06:16
1360;743;3; 1,2,3 ;3,1,2;14.05.2019;20:07:26
1361;744;1;1,2;1,2;15.05.2019;10:27:24
1362;744;2; 1,2,3 ;1,3,2;15.05.2019;10:28:04
1363;744;3; 1,2,3 ;1,3,2;15.05.2019;10:28:51
1364;745;1;1,2;1,2;15.05.2019;10:36:03
1365;745;2; 1,2,3 ;3,1,2;15.05.2019;10:36:25
1366;745;3; 1,2,3 ;3,1,2;15.05.2019;10:36:58
1367;746;1;1,2;1,2;15.05.2019;12:12:52
1368;746;2; 1,2,3 ;1,3,2;15.05.2019;12:13:08
1369;746;3; 1,2,3 ;1,3,2;15.05.2019;12:13:45
1370;747;1;1,2;1,2;15.05.2019;12:33:17
1371;747;2; 1,2,3 ;1,3,2;15.05.2019;12:33:55
1372;747;3; 1,2,3 ;1,3,2;15.05.2019;12:34:58
1373;748;1;1,2;2,1;15.05.2019;13:14:37
1374;748;2; 1,2,3 ;3,1,2;15.05.2019;13:14:52
1375;748;3; 1,2,3 ;3,2,1;15.05.2019;13:15:21
1376;749;1;1,2;1,2;15.05.2019;17:24:58
1377;749;2; 1,2,3 ;3,1,2;15.05.2019;17:25:28
1378;749;3; 1,2,3 ;1,2,3;15.05.2019;17:26:15
1379;750;1;1,2;1,2;15.05.2019;19:08:30
1380;750;2; 1,2,3 ;1,3,2;15.05.2019;19:08:41
1381;750;3; 1,2,3 ;1,3,2;15.05.2019;19:09:19
1382;751;1;1,2;1,2;15.05.2019;19:12:05
1383;751;2; 1,2,3 ;1,3,2;15.05.2019;19:12:11
1384;752;1;1,2;2,1;15.05.2019;19:13:29
1385;753;1;1,2;1,2;15.05.2019;19:13:47
1386;753;2; 1,2,3 ;3,1,2;15.05.2019;19:14:02
1387;753;3; 1,2,3 ;3,1,2;15.05.2019;19:14:25
1388;754;1;1,2;1,2;15.05.2019;19:21:00
1389;754;2; 1,2,3 ;3,1,2;15.05.2019;19:21:15
1390;754;3; 1,2,3 ;3,1,2;15.05.2019;19:21:34
1391;755;1;1,2;1,2;15.05.2019;19:25:01
1392;755;2; 1,2,3 ;3,2,1;15.05.2019;19:25:28
1393;756;1;1,2;2,1;15.05.2019;20:24:42
1394;758;1;1,2;1,2;16.05.2019;09:21:13
1395;758;2; 1,2,3 ;1,3,2;16.05.2019;09:21:30
1396;758;3; 1,2,3 ;1,3,2;16.05.2019;09:22:08
1397;759;1;1,2;1,2;16.05.2019;12:09:24
1398;759;2; 1,2,3 ;1,3,2;16.05.2019;12:09:41
1399;760;1;1,2;1,2;16.05.2019;12:22:44
1400;760;2; 1,2,3 ;1,2,3;16.05.2019;12:23:00
1401;760;3; 1,2,3 ;1,3,2;16.05.2019;12:23:46
1402;761;1;1,2;1,2;16.05.2019;12:25:23
1403;761;2; 1,2,3 ;1,3,2;16.05.2019;12:25:36
1404;761;3; 1,2,3 ;1,3,2;16.05.2019;12:26:17
1405;762;1;1,2;1,2;16.05.2019;12:30:57
1406;762;2; 1,2,3 ;1,3,2;16.05.2019;12:31:16
1407;762;3; 1,2,3 ;1,3,2;16.05.2019;12:32:10
1408;763;1;1,2;1,2;16.05.2019;12:44:11
1409;763;2; 1,2,3 ;3,1,2;16.05.2019;12:44:29
1410;763;3; 1,2,3 ;1,3,2;16.05.2019;12:45:53
1411;764;1;1,2;1,2;16.05.2019;12:50:40
1412;764;2; 1,2,3 ;1,2,3;16.05.2019;12:50:45
1413;764;3; 1,2,3 ;1,2,3;16.05.2019;12:50:50
1414;765;1;1,2;1,2;16.05.2019;12:52:53
1415;766;1;1,2;1,2;16.05.2019;12:53:22
1416;766;2; 1,2,3 ;3,1,2;16.05.2019;12:53:37
1417;766;3; 1,2,3 ;3,1,2;16.05.2019;12:53:53
1418;767;1;1,2;2,1;16.05.2019;12:56:18
1419;767;2; 1,2,3 ;1,3,2;16.05.2019;12:56:39
1420;767;3; 1,2,3 ;1,3,2;16.05.2019;12:57:14
1421;768;1;1,2;1,2;16.05.2019;13:01:32
1422;768;2; 1,2,3 ;3,1,2;16.05.2019;13:02:31
1423;768;3; 1,2,3 ;3,1,2;16.05.2019;13:03:47
1424;769;1;1,2;1,2;16.05.2019;14:16:43
1425;769;2; 1,2,3 ;1,3,2;16.05.2019;14:16:56
1426;769;3; 1,2,3 ;1,3,2;16.05.2019;14:17:34
1427;770;1;1,2;2,1;16.05.2019;14:43:17
1428;770;2; 1,2,3 ;3,2,1;16.05.2019;14:43:41
1429;770;3; 1,2,3 ;3,2,1;16.05.2019;14:44:25
1430;771;1;1,2;2,1;16.05.2019;14:47:45
1431;771;2; 1,2,3 ;3,2,1;16.05.2019;14:47:58
1432;771;3; 1,2,3 ;2,3,1;16.05.2019;14:48:34
1433;773;1;1,2;1,2;16.05.2019;14:56:25
1434;773;2; 1,2,3 ;1,3,2;16.05.2019;14:56:40
1435;774;1;1,2;1,2;16.05.2019;15:08:59
1436;774;2; 1,2,3 ;3,1,2;16.05.2019;15:09:14
1437;774;3; 1,2,3 ;3,1,2;16.05.2019;15:09:45
1438;775;1;1,2;1,2;16.05.2019;15:51:22
1439;779;1;1,2;1,2;17.05.2019;12:41:34
1440;779;2; 1,2,3 ;1,3,2;17.05.2019;12:41:57
1441;780;1;1,2;1,2;17.05.2019;13:33:33
1442;780;2; 1,2,3 ;1,3,2;17.05.2019;13:33:44
1443;780;3; 1,2,3 ;1,3,2;17.05.2019;13:34:16
1444;781;1;1,2;1,2;17.05.2019;13:41:07
1445;781;2; 1,2,3 ;1,3,2;17.05.2019;13:41:21
1446;781;3; 1,2,3 ;1,3,2;17.05.2019;13:41:36
1447;782;1;1,2;1,2;17.05.2019;13:45:43
1448;782;2; 1,2,3 ;1,3,2;17.05.2019;13:46:04
1449;782;3; 1,2,3 ;1,3,2;17.05.2019;13:47:24
1450;783;1;1,2;1,2;17.05.2019;16:18:59
1451;783;2; 1,2,3 ;1,3,2;17.05.2019;16:19:14
1452;783;3; 1,2,3 ;1,3,2;17.05.2019;16:19:50
1453;784;1;1,2;2,1;17.05.2019;17:01:59
1454;784;2; 1,2,3 ;2,1,3;17.05.2019;17:02:10
1455;784;3; 1,2,3 ;1,3,2;17.05.2019;17:02:51
1456;785;1;1,2;1,2;18.05.2019;10:45:35
1457;785;2; 1,2,3 ;1,3,2;18.05.2019;10:46:03
1458;785;3; 1,2,3 ;1,3,2;18.05.2019;10:46:59
1459;786;1;1,2;1,2;18.05.2019;13:26:39
1460;786;2; 1,2,3 ;1,3,2;18.05.2019;13:27:02
1461;786;3; 1,2,3 ;1,3,2;18.05.2019;13:27:37
1462;790;1;1,2;1,2;18.05.2019;17:50:04
1463;790;2; 1,2,3 ;1,3,2;18.05.2019;17:50:23
1464;790;3; 1,2,3 ;1,3,2;18.05.2019;17:51:08
1465;793;1;1,2;1,2;19.05.2019;11:18:21
1466;793;2; 1,2,3 ;3,1,2;19.05.2019;11:18:52
1467;793;3; 1,2,3 ;3,1,2;19.05.2019;11:19:46
1468;794;1;1,2;1,2;19.05.2019;13:38:59
1469;794;2; 1,2,3 ;1,3,2;19.05.2019;13:39:40
1470;794;3; 1,2,3 ;1,3,2;19.05.2019;13:40:39
1471;798;1;1,2;1,2;19.05.2019;22:12:34
1472;800;1;1,2;1,2;20.05.2019;09:57:14
1473;800;2; 1,2,3 ;1,3,2;20.05.2019;09:57:28
1474;800;3; 1,2,3 ;1,2,3;20.05.2019;09:58:10
1475;801;1;1,2;1,2;20.05.2019;10:26:26
1476;801;2; 1,2,3 ;3,1,2;20.05.2019;10:26:45
1477;801;3; 1,2,3 ;3,1,2;20.05.2019;10:27:31
1478;802;1;1,2;1,2;20.05.2019;12:10:40
1479;802;2; 1,2,3 ;1,3,2;20.05.2019;12:10:57
1480;802;3; 1,2,3 ;1,3,2;20.05.2019;12:11:45
1481;803;1;1,2;1,2;20.05.2019;13:03:38
1482;803;2; 1,2,3 ;1,3,2;20.05.2019;13:03:59
1483;803;3; 1,2,3 ;1,3,2;20.05.2019;13:04:41
1484;804;1;1,2;1,2;20.05.2019;13:06:49
1485;804;2; 1,2,3 ;1,3,2;20.05.2019;13:07:04
1486;804;3; 1,2,3 ;1,3,2;20.05.2019;13:07:56
1487;805;1;1,2;1,2;20.05.2019;13:25:14
1488;805;2; 1,2,3 ;1,2,3;20.05.2019;13:25:36
1489;805;3; 1,2,3 ;1,3,2;20.05.2019;13:26:14
1490;806;1;1,2;1,2;20.05.2019;13:36:03
1491;806;2; 1,2,3 ;3,1,2;20.05.2019;13:36:49
1492;806;3; 1,2,3 ;3,1,2;20.05.2019;13:37:55
1493;808;1;1,2;1,2;20.05.2019;15:19:27
1494;808;2; 1,2,3 ;1,3,2;20.05.2019;15:19:47
1495;808;3; 1,2,3 ;1,3,2;20.05.2019;15:20:07
1496;809;1;1,2;1,2;20.05.2019;17:16:09
1497;809;2; 1,2,3 ;1,3,2;20.05.2019;17:17:13
1498;809;3; 1,2,3 ;1,3,2;20.05.2019;17:18:23
1499;813;1;1,2;1,2;20.05.2019;18:23:46
1500;813;2; 1,2,3 ;3,1,2;20.05.2019;18:24:08
1501;813;3; 1,2,3 ;3,1,2;20.05.2019;18:25:02
1502;814;1;1,2;1,2;20.05.2019;18:27:35
1503;814;2; 1,2,3 ;1,3,2;20.05.2019;18:27:50
1504;814;3; 1,2,3 ;1,3,2;20.05.2019;18:28:31
1505;815;1;1,2;1,2;20.05.2019;20:31:20
1506;815;2; 1,2,3 ;1,2,3;20.05.2019;20:31:23
1507;815;3; 1,2,3 ;1,3,2;20.05.2019;20:31:32
1508;816;1;1,2;2,1;21.05.2019;09:25:00
1509;816;2; 1,2,3 ;3,2,1;21.05.2019;09:25:23
1510;816;3; 1,2,3 ;3,1,2;21.05.2019;09:26:25
1511;817;1;1,2;1,2;03.06.2019;15:26:00
1512;817;2; 1,2,3 ;3,1,2;03.06.2019;15:26:33
1513;817;3; 1,2,3 ;1,3,2;03.06.2019;15:28:04
1514;818;1;1,2;1,2;03.06.2019;16:00:29
1515;818;2; 1,2,3 ;1,3,2;03.06.2019;16:00:45
1516;818;3; 1,2,3 ;1,3,2;03.06.2019;16:02:13
1517;819;1;1,2;1,2;05.06.2019;16:31:51
1518;820;1;1,2;1,2;13.06.2019;14:22:53
1519;820;2; 1,2,3 ;1,2,3;13.06.2019;14:22:58
1520;820;3; 1,2,3 ;1,2,3;13.06.2019;14:23:04
1521;821;1;1,2;1,2;13.06.2019;14:23:26
1522;821;2; 1,2,3 ;1,2,3;13.06.2019;14:23:30
1523;821;3; 1,2,3 ;1,2,3;13.06.2019;14:23:36
1524;823;1;1,2;2,1;13.06.2019;14:55:23
1525;823;2; 1,2,3 ;1,2,3;13.06.2019;14:55:27
1526;823;3; 1,2,3 ;1,2,3;13.06.2019;14:55:31
1527;824;1;1,2;2,1;25.06.2019;16:26:43
1528;824;2; 1,2,3 ;3,2,1;25.06.2019;16:27:17
1529;824;3; 1,2,3 ;3,1,2;25.06.2019;16:27:47
1530;825;1;1,2;1,2;25.06.2019;16:29:27
1531;825;2; 1,2,3 ;1,3,2;25.06.2019;16:29:46
1532;825;3; 1,2,3 ;1,3,2;25.06.2019;16:30:18
1533;826;1;1,2;1,2;25.06.2019;16:40:37
1534;826;2; 1,2,3 ;1,3,2;25.06.2019;16:41:15
1535;826;3; 1,2,3 ;1,3,2;25.06.2019;16:42:14
1536;827;1;1,2;1,2;25.06.2019;16:45:37
1537;827;2; 1,2,3 ;1,3,2;25.06.2019;16:46:26
1538;827;3; 1,2,3 ;1,3,2;25.06.2019;16:47:18
1539;828;1;1,2;1,2;26.06.2019;14:10:35
1540;828;2; 1,2,3 ;1,3,2;26.06.2019;14:10:59
1541;828;3; 1,2,3 ;1,3,2;26.06.2019;14:11:27
1542;829;1;1,2;1,2;26.06.2019;14:12:59
1543;829;2; 1,2,3 ;1,3,2;26.06.2019;14:13:19
1544;830;1;1,2;1,2;26.06.2019;16:11:37
1545;830;2; 1,2,3 ;1,3,2;26.06.2019;16:11:53
1546;830;3; 1,2,3 ;1,2,3;26.06.2019;16:12:28
1547;831;1;1,2;2,1;26.06.2019;16:13:50
1548;831;2; 1,2,3 ;1,3,2;26.06.2019;16:14:53
1549;831;3; 1,2,3 ;3,1,2;26.06.2019;16:15:21
1550;832;1;1,2;1,2;26.06.2019;16:16:40
1551;832;2; 1,2,3 ;3,1,2;26.06.2019;16:16:55
1552;832;3; 1,2,3 ;3,1,2;26.06.2019;16:17:23
1553;833;1;1,2;1,2;26.06.2019;16:20:13
1554;833;2; 1,2,3 ;3,1,2;26.06.2019;16:20:31
1555;833;3; 1,2,3 ;3,1,2;26.06.2019;16:21:01
1556;834;1;1,2;1,2;26.06.2019;16:24:36
1557;834;2; 1,2,3 ;1,3,2;26.06.2019;16:25:06
1558;834;3; 1,2,3 ;1,3,2;26.06.2019;16:26:11
1559;836;1;1,2;1,2;26.06.2019;16:28:55
1560;836;2; 1,2,3 ;3,1,2;26.06.2019;16:29:10
1561;836;3; 1,2,3 ;3,1,2;26.06.2019;16:29:38
1562;837;1;1,2;1,2;26.06.2019;16:32:06
1563;837;2; 1,2,3 ;1,3,2;26.06.2019;16:32:25
1564;837;3; 1,2,3 ;1,3,2;26.06.2019;16:33:18
1565;838;1;1,2;1,2;26.06.2019;16:35:34
1566;838;2; 1,2,3 ;1,3,2;26.06.2019;16:35:48
1567;838;3; 1,2,3 ;1,3,2;26.06.2019;16:36:08
1568;839;1;1,2;1,2;27.06.2019;13:10:22
1569;839;2; 1,2,3 ;1,3,2;27.06.2019;13:10:40
1570;840;1;1,2;1,2;05.07.2019;15:00:26
1571;840;2; 1,2,3 ;1,3,2;05.07.2019;15:00:52
1572;840;3; 1,2,3 ;1,3,2;05.07.2019;15:02:09
1573;842;1;1,2;1,2;10.07.2019;10:44:28
1574;842;2; 1,2,3 ;1,2,3;10.07.2019;10:44:39
1575;842;3; 1,2,3 ;1,2,3;10.07.2019;10:44:56
1576;843;1;1,2;1,2;10.07.2019;13:37:18
1577;843;2; 1,2,3 ;1,2,3;10.07.2019;13:37:28
1578;843;3; 1,2,3 ;1,2,3;10.07.2019;13:38:07
1579;845;1;1,2;1,2;16.07.2019;12:49:20
1580;845;2; 1,2,3 ;1,3,2;16.07.2019;12:49:48
1581;845;3; 1,2,3 ;1,3,2;16.07.2019;12:50:31
1582;846;1;1,2;1,2;16.07.2019;12:52:39
1583;846;2; 1,2,3 ;1,3,2;16.07.2019;12:52:53
1584;846;3; 1,2,3 ;1,3,2;16.07.2019;12:53:33
1585;847;1;1,2;1,2;20.07.2019;10:34:22
1586;847;2; 1,2,3 ;3,1,2;20.07.2019;10:35:26
1587;847;3; 1,2,3 ;3,1,2;20.07.2019;10:36:27
1588;849;1;1,2;1,2;31.07.2019;14:27:47
1589;849;2; 1,2,3 ;1,3,2;31.07.2019;14:28:05
1590;849;3; 1,2,3 ;1,3,2;31.07.2019;14:28:52
1591;850;1;1,2;1,2;31.07.2019;16:43:15
1592;850;2; 1,2,3 ;1,3,2;31.07.2019;16:43:26
1593;850;3; 1,2,3 ;3,1,2;31.07.2019;16:43:46
1594;851;1;1,2;1,2;06.08.2019;11:02:38
1595;851;2; 1,2,3 ;1,3,2;06.08.2019;11:02:54
1596;851;3; 1,2,3 ;1,3,2;06.08.2019;11:03:17
1597;852;1;1,2;1,2;07.08.2019;16:23:44
1598;852;2; 1,2,3 ;1,3,2;07.08.2019;16:23:57
1599;853;1;1,2;1,2;08.08.2019;10:10:34
1600;853;2; 1,2,3 ;1,3,2;08.08.2019;10:10:59
1601;853;3; 1,2,3 ;1,3,2;08.08.2019;10:12:07
1602;854;1;1,2;1,2;08.08.2019;13:51:07
1603;854;2; 1,2,3 ;3,1,2;08.08.2019;13:51:20
1604;854;3; 1,2,3 ;3,1,2;08.08.2019;13:51:38
1605;855;1;1,2;1,2;08.08.2019;16:16:10
1606;855;2; 1,2,3 ;3,1,2;08.08.2019;16:16:30
1607;855;3; 1,2,3 ;3,1,2;08.08.2019;16:17:26
1608;856;1;1,2;1,2;12.08.2019;10:45:39
1609;856;2; 1,2,3 ;1,3,2;12.08.2019;10:46:02
1610;856;3; 1,2,3 ;1,3,2;12.08.2019;10:46:43
1611;857;1;1,2;1,2;12.08.2019;11:33:35
1612;857;2; 1,2,3 ;1,3,2;12.08.2019;11:33:56
1613;857;3; 1,2,3 ;1,3,2;12.08.2019;11:34:38
1614;858;1;1,2;1,2;12.08.2019;12:35:03
1615;858;2; 1,2,3 ;1,3,2;12.08.2019;12:35:27
1616;858;3; 1,2,3 ;1,3,2;12.08.2019;12:36:10
1617;859;1;1,2;1,2;12.08.2019;14:21:23
1618;859;2; 1,2,3 ;3,1,2;12.08.2019;14:21:41
1619;859;3; 1,2,3 ;3,1,2;12.08.2019;14:22:17
1620;861;1;1,2;1,2;12.08.2019;15:10:17
1621;861;2; 1,2,3 ;1,3,2;12.08.2019;15:10:30
1622;861;3; 1,2,3 ;1,3,2;12.08.2019;15:11:17
1623;862;1;1,2;1,2;13.08.2019;16:33:34
1624;862;2; 1,2,3 ;1,2,3;13.08.2019;16:34:05
1625;862;3; 1,2,3 ;1,2,3;13.08.2019;16:34:22
1626;863;1;1,2;1,2;14.08.2019;11:45:13
1627;863;2; 1,2,3 ;1,3,2;14.08.2019;11:45:52
1628;863;3; 1,2,3 ;1,3,2;14.08.2019;11:46:36
1629;866;1;1,2;1,2;27.08.2019;15:03:33
1630;866;2; 1,2,3 ;1,3,2;27.08.2019;15:03:53
1631;866;3; 1,2,3 ;1,3,2;27.08.2019;15:04:27
1632;867;1;1,2;1,2;05.09.2019;11:53:51
1633;867;2; 1,2,3 ;1,2,3;05.09.2019;11:54:26
1634;867;3; 1,2,3 ;1,2,3;05.09.2019;11:55:14
1635;868;1;1,2;1,2;09.09.2019;10:13:26
1636;868;2; 1,2,3 ;1,3,2;09.09.2019;10:13:38
1637;868;3; 1,2,3 ;3,1,2;09.09.2019;10:14:02
1638;869;1;1,2;1,2;09.09.2019;12:03:19
1639;869;2; 1,2,3 ;1,3,2;09.09.2019;12:04:05
1640;869;3; 1,2,3 ;3,1,2;09.09.2019;12:04:46
1641;870;1;1,2;1,2;09.09.2019;15:44:57
1642;870;2; 1,2,3 ;1,3,2;09.09.2019;15:45:56
1643;870;3; 1,2,3 ;1,3,2;09.09.2019;15:47:03
1644;871;1;1,2;1,2;09.09.2019;16:19:01
1645;872;1;1,2;1,2;10.09.2019;09:39:15
1646;872;2; 1,2,3 ;1,3,2;10.09.2019;09:39:48
1647;872;3; 1,2,3 ;1,3,2;10.09.2019;09:40:32
1648;873;1;1,2;1,2;10.09.2019;10:25:26
1649;873;2; 1,2,3 ;1,3,2;10.09.2019;10:25:55
1650;873;3; 1,2,3 ;1,3,2;10.09.2019;10:26:56
1651;874;1;1,2;1,2;10.09.2019;10:46:24
1652;874;2; 1,2,3 ;1,3,2;10.09.2019;10:46:40
1653;874;3; 1,2,3 ;1,3,2;10.09.2019;10:47:42
1654;875;1;1,2;2,1;10.09.2019;10:52:55
1655;875;2; 1,2,3 ;3,1,2;10.09.2019;10:53:22
1656;875;3; 1,2,3 ;3,1,2;10.09.2019;10:54:19
1657;876;1;1,2;1,2;10.09.2019;14:27:27
1658;876;2; 1,2,3 ;3,1,2;10.09.2019;14:27:41
1659;876;3; 1,2,3 ;3,1,2;10.09.2019;14:28:22
1660;877;1;1,2;1,2;10.09.2019;15:47:47
1661;877;2; 1,2,3 ;3,1,2;10.09.2019;15:48:09
1662;877;3; 1,2,3 ;3,1,2;10.09.2019;15:48:40
1663;879;1;1,2;2,1;10.09.2019;17:34:50
1664;880;1;1,2;1,2;11.09.2019;09:24:50
1665;880;2; 1,2,3 ;1,3,2;11.09.2019;09:25:09
1666;880;3; 1,2,3 ;1,3,2;11.09.2019;09:25:37
1667;881;1;1,2;1,2;11.09.2019;09:43:38
1668;881;2; 1,2,3 ;1,3,2;11.09.2019;09:43:59
1669;881;3; 1,2,3 ;1,3,2;11.09.2019;09:44:54
1670;882;1;1,2;1,2;11.09.2019;10:23:39
1671;882;2; 1,2,3 ;1,3,2;11.09.2019;10:23:52
1672;882;3; 1,2,3 ;1,3,2;11.09.2019;10:24:15
1673;883;1;1,2;1,2;11.09.2019;10:26:24
1674;883;2; 1,2,3 ;1,3,2;11.09.2019;10:26:44
1675;883;3; 1,2,3 ;1,3,2;11.09.2019;10:27:31
1676;884;1;1,2;2,1;11.09.2019;10:30:20
1677;884;2; 1,2,3 ;3,2,1;11.09.2019;10:30:46
1678;884;3; 1,2,3 ;1,3,2;11.09.2019;10:31:31
1679;885;1;1,2;1,2;11.09.2019;10:33:22
1680;885;2; 1,2,3 ;3,1,2;11.09.2019;10:33:54
1681;885;3; 1,2,3 ;3,1,2;11.09.2019;10:34:40
1682;887;1;1,2;1,2;11.09.2019;10:39:27
1683;887;2; 1,2,3 ;1,3,2;11.09.2019;10:40:09
1684;887;3; 1,2,3 ;1,2,3;11.09.2019;10:41:08
1685;888;1;1,2;1,2;11.09.2019;11:40:07
1686;888;2; 1,2,3 ;3,2,1;11.09.2019;11:41:09
1687;888;3; 1,2,3 ;3,2,1;11.09.2019;11:42:24
1688;890;1;1,2;1,2;11.09.2019;15:45:19
1689;890;2; 1,2,3 ;1,3,2;11.09.2019;15:45:46
1690;891;1;1,2;1,2;11.09.2019;15:57:08
1691;891;2; 1,2,3 ;1,3,2;11.09.2019;15:57:36
1692;891;3; 1,2,3 ;1,3,2;11.09.2019;15:58:16
1693;892;1;1,2;1,2;11.09.2019;15:59:52
1694;892;2; 1,2,3 ;1,3,2;11.09.2019;16:00:11
1695;892;3; 1,2,3 ;1,3,2;11.09.2019;16:00:50
1696;893;1;1,2;1,2;11.09.2019;16:37:51
1697;893;2; 1,2,3 ;1,2,3;11.09.2019;16:38:14
1698;893;3; 1,2,3 ;1,3,2;11.09.2019;16:38:53
1699;894;1;1,2;1,2;11.09.2019;16:45:34
1700;894;2; 1,2,3 ;1,3,2;11.09.2019;16:45:55
1701;894;3; 1,2,3 ;1,3,2;11.09.2019;16:46:17
1702;895;1;1,2;1,2;11.09.2019;17:04:18
1703;895;2; 1,2,3 ;1,3,2;11.09.2019;17:04:36
1704;895;3; 1,2,3 ;1,3,2;11.09.2019;17:05:05
1705;896;1;1,2;1,2;12.09.2019;12:35:56
1706;896;2; 1,2,3 ;3,1,2;12.09.2019;12:36:26
1707;896;3; 1,2,3 ;1,3,2;12.09.2019;12:36:54
1708;897;1;1,2;1,2;12.09.2019;12:41:31
1709;897;2; 1,2,3 ;1,3,2;12.09.2019;12:41:53
1710;897;3; 1,2,3 ;1,3,2;12.09.2019;12:42:26
1711;898;1;1,2;2,1;12.09.2019;12:49:15
1712;898;2; 1,2,3 ;3,2,1;12.09.2019;12:49:29
1713;898;3; 1,2,3 ;3,1,2;12.09.2019;12:50:24
1714;899;1;1,2;1,2;12.09.2019;14:45:53
1715;899;2; 1,2,3 ;1,3,2;12.09.2019;14:46:10
1716;899;3; 1,2,3 ;1,3,2;12.09.2019;14:47:01
1717;903;1;1,2;1,2;15.09.2019;15:15:53
1718;903;2; 1,2,3 ;1,3,2;15.09.2019;15:16:07
1719;903;3; 1,2,3 ;1,3,2;15.09.2019;15:16:45
1720;904;1;1,2;1,2;16.09.2019;11:19:53
1721;904;2; 1,2,3 ;1,3,2;16.09.2019;11:20:05
1722;904;3; 1,2,3 ;3,1,2;16.09.2019;11:20:39
1723;905;1;1,2;1,2;17.09.2019;11:04:45
1724;905;2; 1,2,3 ;3,1,2;17.09.2019;11:05:43
1725;906;1;1,2;1,2;17.09.2019;16:45:17
1726;906;2; 1,2,3 ;3,1,2;17.09.2019;16:45:34
1727;906;3; 1,2,3 ;1,3,2;17.09.2019;16:46:15
1728;907;1;1,2;1,2;18.09.2019;12:49:22
1729;907;2; 1,2,3 ;3,1,2;18.09.2019;12:50:00
1730;907;3; 1,2,3 ;3,1,2;18.09.2019;12:50:34
1731;908;1;1,2;1,2;18.09.2019;13:14:55
1732;908;2; 1,2,3 ;1,3,2;18.09.2019;13:15:05
1733;909;1;1,2;1,2;18.09.2019;13:29:24
1734;909;2; 1,2,3 ;1,3,2;18.09.2019;13:30:12
1735;909;3; 1,2,3 ;3,1,2;18.09.2019;13:32:04
1736;910;1;1,2;1,2;18.09.2019;15:15:27
1737;910;2; 1,2,3 ;3,1,2;18.09.2019;15:16:14
1738;910;3; 1,2,3 ;1,3,2;18.09.2019;15:17:00
1739;912;1;1,2;1,2;18.09.2019;16:06:46
1740;912;2; 1,2,3 ;1,3,2;18.09.2019;16:06:55
1741;912;3; 1,2,3 ;2,3,1;18.09.2019;16:07:04
1742;916;1;1,2;2,1;24.09.2019;15:32:40
1743;916;2; 1,2,3 ;2,3,1;24.09.2019;15:33:00
1744;916;3; 1,2,3 ;2,3,1;24.09.2019;15:33:53
1745;917;1;1,2;2,1;25.09.2019;11:36:04
1746;917;2; 1,2,3 ;3,1,2;25.09.2019;11:36:33
1747;917;3; 1,2,3 ;3,2,1;25.09.2019;11:37:46
1748;919;1;1,2;2,1;25.09.2019;11:42:50
1749;919;2; 1,2,3 ;2,3,1;25.09.2019;11:43:31
1750;919;3; 1,2,3 ;2,1,3;25.09.2019;11:43:56
1751;920;1;1,2;1,2;25.09.2019;16:04:21
1752;920;2; 1,2,3 ;1,3,2;25.09.2019;16:04:36
1753;920;3; 1,2,3 ;1,3,2;25.09.2019;16:05:04
1754;921;1;1,2;1,2;26.09.2019;10:52:56
1755;921;2; 1,2,3 ;1,3,2;26.09.2019;10:53:20
1756;921;3; 1,2,3 ;1,3,2;26.09.2019;10:53:53
1757;922;1;1,2;2,1;26.09.2019;10:56:35
1758;922;2; 1,2,3 ;3,1,2;26.09.2019;10:57:37
1759;922;3; 1,2,3 ;2,3,1;26.09.2019;10:59:08
1760;923;1;1,2;1,2;26.09.2019;11:01:58
1761;923;2; 1,2,3 ;1,2,3;26.09.2019;11:02:30
1762;923;3; 1,2,3 ;1,2,3;26.09.2019;11:03:21
1763;924;1;1,2;1,2;26.09.2019;11:06:54
1764;924;2; 1,2,3 ;1,3,2;26.09.2019;11:07:13
1765;924;3; 1,2,3 ;3,1,2;26.09.2019;11:08:03
1766;925;1;1,2;1,2;26.09.2019;11:11:01
1767;925;2; 1,2,3 ;1,3,2;26.09.2019;11:11:17
1768;925;3; 1,2,3 ;1,3,2;26.09.2019;11:12:03
1769;927;1;1,2;1,2;26.09.2019;11:20:37
1770;927;2; 1,2,3 ;1,3,2;26.09.2019;11:21:40
1771;927;3; 1,2,3 ;1,3,2;26.09.2019;11:22:43
1772;929;1;1,2;2,1;26.09.2019;11:26:01
1773;929;2; 1,2,3 ;2,1,3;26.09.2019;11:26:17
1774;929;3; 1,2,3 ;2,1,3;26.09.2019;11:27:08
1775;930;1;1,2;1,2;26.09.2019;11:29:24
1776;930;2; 1,2,3 ;1,3,2;26.09.2019;11:29:48
1777;930;3; 1,2,3 ;1,3,2;26.09.2019;11:30:51
1778;931;1;1,2;1,2;26.09.2019;11:33:41
1779;931;2; 1,2,3 ;3,2,1;26.09.2019;11:34:15
1780;931;3; 1,2,3 ;3,1,2;26.09.2019;11:35:19
1781;932;1;1,2;2,1;26.09.2019;11:37:29
1782;932;2; 1,2,3 ;3,2,1;26.09.2019;11:38:00
1783;932;3; 1,2,3 ;3,2,1;26.09.2019;11:38:54
1784;933;1;1,2;1,2;26.09.2019;17:58:59
1785;933;2; 1,2,3 ;1,2,3;26.09.2019;17:59:05
1786;933;3; 1,2,3 ;1,2,3;26.09.2019;17:59:12
1787;934;1;1,2;1,2;26.09.2019;18:16:29
1788;934;2; 1,2,3 ;3,1,2;26.09.2019;18:16:47
1789;934;3; 1,2,3 ;3,1,2;26.09.2019;18:17:21
1790;937;1;1,2;1,2;26.09.2019;18:48:09
1791;937;2; 1,2,3 ;1,3,2;26.09.2019;18:48:24
1792;937;3; 1,2,3 ;1,3,2;26.09.2019;18:49:06
1793;938;1;1,2;1,2;26.09.2019;18:52:20
1794;938;2; 1,2,3 ;1,3,2;26.09.2019;18:52:56
1795;938;3; 1,2,3 ;1,3,2;26.09.2019;18:53:31
1796;939;1;1,2;1,2;26.09.2019;19:02:50
1797;939;2; 1,2,3 ;1,3,2;26.09.2019;19:03:01
1798;939;3; 1,2,3 ;1,3,2;26.09.2019;19:03:40
1799;943;1;1,2;2,1;04.10.2019;08:28:42
1800;944;1;1,2;2,1;04.10.2019;08:29:08
1801;944;2; 1,2,3 ;3,1,2;04.10.2019;08:29:13
1802;944;3; 1,2,3 ;3,1,2;04.10.2019;08:29:58
1803;946;1;1,2;1,2;07.10.2019;19:39:31
1804;946;2; 1,2,3 ;1,3,2;07.10.2019;19:39:59
1805;946;3; 1,2,3 ;1,3,2;07.10.2019;19:40:58
1806;947;1;1,2;1,2;08.10.2019;10:57:52
1807;947;2; 1,2,3 ;1,3,2;08.10.2019;10:58:03
1808;947;3; 1,2,3 ;1,3,2;08.10.2019;11:01:09
1809;948;1;1,2;2,1;09.10.2019;16:20:36
1810;948;2; 1,2,3 ;3,2,1;09.10.2019;16:21:15
1811;948;3; 1,2,3 ;3,1,2;09.10.2019;16:21:31
1812;949;1;1,2;1,2;09.10.2019;16:46:25
1813;949;2; 1,2,3 ;1,3,2;09.10.2019;16:46:55
1814;949;3; 1,2,3 ;1,3,2;09.10.2019;16:47:49
1815;951;1;1,2;1,2;15.10.2019;12:37:11
1816;951;2; 1,2,3 ;1,3,2;15.10.2019;12:37:42
1817;951;3; 1,2,3 ;1,3,2;15.10.2019;12:38:34
1818;952;1;1,2;1,2;17.10.2019;10:47:30
1819;952;2; 1,2,3 ;3,2,1;17.10.2019;10:47:43
1820;952;3; 1,2,3 ;3,2,1;17.10.2019;10:48:07
1821;954;1;1,2;1,2;21.10.2019;17:10:09
1822;954;2; 1,2,3 ;1,3,2;21.10.2019;17:10:41
1823;954;3; 1,2,3 ;3,2,1;21.10.2019;17:12:04
1824;956;1;1,2;2,1;21.10.2019;17:20:57
1825;956;2; 1,2,3 ;3,1,2;21.10.2019;17:21:22
1826;956;3; 1,2,3 ;3,1,2;21.10.2019;17:21:51
1827;958;1;1,2;1,2;21.10.2019;17:50:16
1828;958;2; 1,2,3 ;1,3,2;21.10.2019;17:50:33
1829;958;3; 1,2,3 ;3,1,2;21.10.2019;17:51:30
1830;959;1;1,2;1,2;21.10.2019;19:13:48
1831;959;2; 1,2,3 ;1,3,2;21.10.2019;19:14:02
1832;959;3; 1,2,3 ;3,1,2;21.10.2019;19:14:49
1833;960;1;1,2;1,2;21.10.2019;19:27:52
1834;960;2; 1,2,3 ;1,3,2;21.10.2019;19:28:15
1835;960;3; 1,2,3 ;1,3,2;21.10.2019;19:29:03
1836;961;1;1,2;1,2;21.10.2019;19:32:37
1837;961;2; 1,2,3 ;1,3,2;21.10.2019;19:33:06
1838;961;3; 1,2,3 ;1,3,2;21.10.2019;19:33:53
1839;962;1;1,2;1,2;21.10.2019;22:18:53
1840;963;1;1,2;1,2;24.10.2019;10:07:55
1841;963;2; 1,2,3 ;3,1,2;24.10.2019;10:08:14
1842;963;3; 1,2,3 ;3,1,2;24.10.2019;10:08:51
1843;964;1;1,2;1,2;24.10.2019;10:14:40
1844;964;2; 1,2,3 ;1,3,2;24.10.2019;10:15:25
1845;964;3; 1,2,3 ;1,3,2;24.10.2019;10:16:14
1846;965;1;1,2;1,2;24.10.2019;10:21:31
1847;965;2; 1,2,3 ;1,3,2;24.10.2019;10:21:54
1848;965;3; 1,2,3 ;3,1,2;24.10.2019;10:22:32
1849;966;1;1,2;1,2;24.10.2019;10:23:38
1850;966;2; 1,2,3 ;1,3,2;24.10.2019;10:23:53
1851;966;3; 1,2,3 ;3,1,2;24.10.2019;10:24:12
1852;967;1;1,2;2,1;24.10.2019;10:27:12
1853;967;2; 1,2,3 ;3,1,2;24.10.2019;10:27:40
1854;967;3; 1,2,3 ;3,2,1;24.10.2019;10:28:04
1855;968;1;1,2;1,2;24.10.2019;10:29:31
1856;968;2; 1,2,3 ;1,3,2;24.10.2019;10:29:46
1857;968;3; 1,2,3 ;3,1,2;24.10.2019;10:30:18
1858;969;1;1,2;1,2;24.10.2019;10:32:59
1859;969;2; 1,2,3 ;3,1,2;24.10.2019;10:33:10
1860;969;3; 1,2,3 ;3,1,2;24.10.2019;10:33:38
1861;971;1;1,2;1,2;24.10.2019;10:43:42
1862;971;2; 1,2,3 ;1,3,2;24.10.2019;10:44:11
1863;971;3; 1,2,3 ;1,3,2;24.10.2019;10:44:58
1864;972;1;1,2;1,2;24.10.2019;10:46:15
1865;972;2; 1,2,3 ;1,3,2;24.10.2019;10:46:25
1866;972;3; 1,2,3 ;3,1,2;24.10.2019;10:46:34
1867;973;1;1,2;1,2;24.10.2019;10:47:54
1868;973;2; 1,2,3 ;3,1,2;24.10.2019;10:48:07
1869;973;3; 1,2,3 ;3,1,2;24.10.2019;10:48:39
1870;974;1;1,2;1,2;24.10.2019;10:53:18
1871;974;2; 1,2,3 ;2,1,3;24.10.2019;10:53:29
1872;974;3; 1,2,3 ;3,2,1;24.10.2019;10:53:46
1873;975;1;1,2;1,2;24.10.2019;11:58:20
1874;975;2; 1,2,3 ;2,1,3;24.10.2019;11:58:55
1875;975;3; 1,2,3 ;1,3,2;24.10.2019;11:59:40
1876;976;1;1,2;1,2;24.10.2019;18:16:54
1877;977;1;1,2;1,2;24.10.2019;18:17:15
1878;977;2; 1,2,3 ;3,1,2;24.10.2019;18:17:28
1879;977;3; 1,2,3 ;3,1,2;24.10.2019;18:18:14
1880;978;1;1,2;1,2;25.10.2019;11:34:31
1881;978;2; 1,2,3 ;3,1,2;25.10.2019;11:34:55
1882;978;3; 1,2,3 ;3,1,2;25.10.2019;11:35:40
1883;979;1;1,2;1,2;28.10.2019;13:40:41
1884;979;2; 1,2,3 ;1,3,2;28.10.2019;13:41:19
1885;979;3; 1,2,3 ;3,1,2;28.10.2019;13:42:03
1886;980;1;1,2;1,2;28.10.2019;16:25:05
1887;980;2; 1,2,3 ;1,3,2;28.10.2019;16:25:21
1888;980;3; 1,2,3 ;1,3,2;28.10.2019;16:25:52
1889;981;1;1,2;2,1;28.10.2019;16:27:28
1890;981;2; 1,2,3 ;2,1,3;28.10.2019;16:27:35
1891;984;1;1,2;1,2;06.11.2019;12:44:56
1892;984;2; 1,2,3 ;1,3,2;06.11.2019;12:45:17
1893;984;3; 1,2,3 ;1,3,2;06.11.2019;12:46:19
1894;985;1;1,2;1,2;06.11.2019;17:46:17
1895;985;2; 1,2,3 ;3,1,2;06.11.2019;17:46:51
1896;985;3; 1,2,3 ;1,3,2;06.11.2019;17:47:33
1897;986;1;1,2;1,2;06.11.2019;18:49:57
1898;986;2; 1,2,3 ;1,3,2;06.11.2019;18:50:09
1899;986;3; 1,2,3 ;1,3,2;06.11.2019;18:50:35
1900;987;2; 1,2,3 ;1,3,2;07.11.2019;10:31:13
1901;987;3; 1,2,3 ;1,3,2;07.11.2019;10:31:39
1902;988;1;1,2;1,2;07.11.2019;10:37:39
1903;988;2; 1,2,3 ;3,1,2;07.11.2019;10:37:58
1904;988;3; 1,2,3 ;3,1,2;07.11.2019;10:38:40
1905;990;1;1,2;1,2;08.11.2019;09:22:09
1906;990;2; 1,2,3 ;1,2,3;08.11.2019;09:22:28
1907;990;3; 1,2,3 ;1,3,2;08.11.2019;09:23:19
1908;992;1;1,2;1,2;13.11.2019;09:32:40
1909;992;2; 1,2,3 ;3,1,2;13.11.2019;09:33:02
1910;992;3; 1,2,3 ;3,1,2;13.11.2019;09:34:10
1911;993;1;1,2;1,2;13.11.2019;09:38:24
1912;993;2; 1,2,3 ;1,3,2;13.11.2019;09:38:54
1913;993;3; 1,2,3 ;1,3,2;13.11.2019;09:39:54
1914;994;1;1,2;1,2;13.11.2019;09:43:40
1915;994;2; 1,2,3 ;1,3,2;13.11.2019;09:43:55
1916;994;3; 1,2,3 ;1,3,2;13.11.2019;09:44:27
1917;995;1;1,2;1,2;13.11.2019;09:51:09
1918;995;2; 1,2,3 ;3,1,2;13.11.2019;09:51:33
1919;995;3; 1,2,3 ;3,1,2;13.11.2019;09:52:42
1920;996;1;1,2;1,2;13.11.2019;09:56:23
1921;996;2; 1,2,3 ;1,3,2;13.11.2019;09:56:43
1922;996;3; 1,2,3 ;1,3,2;13.11.2019;09:57:08
1923;997;1;1,2;2,1;14.11.2019;16:02:24
1924;998;1;1,2;1,2;14.11.2019;16:03:12
1925;998;2; 1,2,3 ;3,1,2;14.11.2019;16:03:23
1926;998;3; 1,2,3 ;3,1,2;14.11.2019;16:03:44
1927;1001;1;1,2;2,1;18.11.2019;08:55:45
1928;1003;1;1,2;2,1;25.11.2019;10:48:05
1929;1004;1;1,2;1,2;25.11.2019;20:49:58
1930;1004;2; 1,2,3 ;1,2,3;25.11.2019;20:50:19
1931;1004;3; 1,2,3 ;1,3,2;25.11.2019;20:50:57
1932;1005;1;1,2;1,2;27.11.2019;13:07:50
1933;1005;2; 1,2,3 ;1,3,2;27.11.2019;13:08:17
1934;1005;3; 1,2,3 ;1,3,2;27.11.2019;13:09:26
1935;1006;1;1,2;1,2;28.11.2019;10:16:07
1936;1006;2; 1,2,3 ;1,3,2;28.11.2019;10:16:31
1937;1006;2; 1,2,3 ;1,3,2;28.11.2019;10:17:00
1938;1006;3; 1,2,3 ;1,3,2;28.11.2019;10:17:22
1939;1007;1;1,2;1,2;28.11.2019;12:59:01
1940;1007;2; 1,2,3 ;1,3,2;28.11.2019;12:59:12
1941;1007;3; 1,2,3 ;1,3,2;28.11.2019;12:59:42
1942;1008;1;1,2;1,2;29.11.2019;11:39:24
1943;1008;2; 1,2,3 ;3,1,2;29.11.2019;11:39:55
1944;1008;3; 1,2,3 ;3,1,2;29.11.2019;11:40:24
1945;1010;1;1,2;1,2;29.11.2019;11:42:55
1946;1010;2; 1,2,3 ;1,3,2;29.11.2019;11:43:11
1947;1011;1;1,2;2,1;29.11.2019;11:43:26
1948;1011;2; 1,2,3 ;2,3,1;29.11.2019;11:43:40
1949;1011;3; 1,2,3 ;2,3,1;29.11.2019;11:43:52
1950;1012;1;1,2;1,2;29.11.2019;11:49:52
1951;1012;2; 1,2,3 ;1,3,2;29.11.2019;11:50:08
1952;1012;3; 1,2,3 ;3,1,2;29.11.2019;11:50:37
1953;1013;1;1,2;1,2;29.11.2019;11:52:24
1954;1013;2; 1,2,3 ;1,2,3;29.11.2019;11:52:36
1955;1014;1;1,2;1,2;29.11.2019;11:59:58
1956;1014;2; 1,2,3 ;3,1,2;29.11.2019;12:00:18
1957;1014;3; 1,2,3 ;1,3,2;29.11.2019;12:01:14
1958;1015;1;1,2;1,2;29.11.2019;12:02:45
1959;1015;2; 1,2,3 ;3,1,2;29.11.2019;12:02:57
1960;1015;3; 1,2,3 ;3,1,2;29.11.2019;12:03:19
1961;1016;1;1,2;1,2;29.11.2019;12:05:56
1962;1016;2; 1,2,3 ;1,3,2;29.11.2019;12:06:13
1963;1016;3; 1,2,3 ;1,3,2;29.11.2019;12:06:39
1964;1017;1;1,2;1,2;29.11.2019;12:26:11
1965;1017;2; 1,2,3 ;1,3,2;29.11.2019;12:26:35
1966;1017;3; 1,2,3 ;3,2,1;29.11.2019;12:26:52
1967;1020;1;1,2;1,2;29.11.2019;12:28:39
1968;1020;2; 1,2,3 ;3,1,2;29.11.2019;12:29:22
1969;1020;3; 1,2,3 ;3,1,2;29.11.2019;12:29:52
1970;1022;1;1,2;1,2;02.12.2019;15:21:14
1971;1022;2; 1,2,3 ;1,3,2;02.12.2019;15:21:42
1972;1022;3; 1,2,3 ;1,3,2;02.12.2019;15:22:31
1973;1023;1;1,2;1,2;03.12.2019;09:31:44
1974;1023;2; 1,2,3 ;1,3,2;03.12.2019;09:31:56
1975;1023;3; 1,2,3 ;1,3,2;03.12.2019;09:32:37
1976;1024;1;1,2;1,2;03.12.2019;11:05:46
1977;1024;2; 1,2,3 ;1,3,2;03.12.2019;11:06:03
1978;1024;3; 1,2,3 ;3,1,2;03.12.2019;11:07:12
1979;1025;1;1,2;1,2;04.12.2019;13:38:39
1980;1025;2; 1,2,3 ;1,3,2;04.12.2019;13:38:56
1981;1026;1;1,2;1,2;04.12.2019;13:41:40
1982;1026;2; 1,2,3 ;3,1,2;04.12.2019;13:41:55
1983;1026;3; 1,2,3 ;3,1,2;04.12.2019;13:42:30
1984;1027;1;1,2;1,2;04.12.2019;14:00:19
1985;1027;2; 1,2,3 ;3,1,2;04.12.2019;14:00:30
1986;1028;1;1,2;1,2;06.12.2019;13:03:07
1987;1028;2; 1,2,3 ;3,1,2;06.12.2019;13:03:22
1988;1028;3; 1,2,3 ;3,1,2;06.12.2019;13:03:46
1989;1029;1;1,2;1,2;06.12.2019;18:21:20
1990;1029;2; 1,2,3 ;3,1,2;06.12.2019;18:21:53
1991;1029;3; 1,2,3 ;3,1,2;06.12.2019;18:22:37
1992;1030;1;1,2;1,2;06.12.2019;18:30:52
1993;1030;2; 1,2,3 ;1,3,2;06.12.2019;18:31:08
1994;1030;3; 1,2,3 ;1,3,2;06.12.2019;18:31:45
1995;1031;1;1,2;1,2;06.12.2019;18:34:12
1996;1031;2; 1,2,3 ;1,2,3;06.12.2019;18:35:00
1997;1032;1;1,2;1,2;11.12.2019;11:41:05
1998;1032;2; 1,2,3 ;1,3,2;11.12.2019;11:41:34
1999;1032;3; 1,2,3 ;1,3,2;11.12.2019;11:42:26
2000;1033;1;1,2;1,2;11.12.2019;11:43:51
2001;1033;2; 1,2,3 ;1,3,2;11.12.2019;11:43:57
2002;1033;3; 1,2,3 ;1,3,2;11.12.2019;11:44:17
2003;1034;1;1,2;2,1;11.12.2019;11:46:27
2004;1034;2; 1,2,3 ;3,2,1;11.12.2019;11:46:43
2005;1034;3; 1,2,3 ;3,2,1;11.12.2019;11:47:12
2006;1035;1;1,2;1,2;11.12.2019;16:25:29
2007;1035;2; 1,2,3 ;3,1,2;11.12.2019;16:25:56
2008;1035;3; 1,2,3 ;3,1,2;11.12.2019;16:26:43
2009;1036;1;1,2;1,2;11.12.2019;16:33:54
2010;1036;2; 1,2,3 ;1,3,2;11.12.2019;16:34:07
2011;1036;3; 1,2,3 ;1,3,2;11.12.2019;16:34:40
2012;1038;1;1,2;1,2;12.12.2019;09:13:48
2013;1038;2; 1,2,3 ;1,3,2;12.12.2019;09:14:20
2014;1038;3; 1,2,3 ;1,3,2;12.12.2019;09:15:09
2015;1039;1;1,2;1,2;12.12.2019;09:17:17
2016;1039;2; 1,2,3 ;1,2,3;12.12.2019;09:17:37
2017;1039;3; 1,2,3 ;1,3,2;12.12.2019;09:18:10
2018;1040;1;1,2;1,2;12.12.2019;09:20:11
2019;1040;2; 1,2,3 ;1,3,2;12.12.2019;09:20:35
2020;1040;3; 1,2,3 ;1,3,2;12.12.2019;09:21:18
2021;1041;1;1,2;1,2;12.12.2019;09:24:01
2022;1041;2; 1,2,3 ;1,2,3;12.12.2019;09:24:22
2023;1041;3; 1,2,3 ;1,2,3;12.12.2019;09:24:53
2024;1042;1;1,2;1,2;12.12.2019;09:27:38
2025;1042;2; 1,2,3 ;1,3,2;12.12.2019;09:28:07
2026;1042;3; 1,2,3 ;1,3,2;12.12.2019;09:28:43
2027;1043;1;1,2;1,2;12.12.2019;09:31:08
2028;1043;2; 1,2,3 ;1,3,2;12.12.2019;09:31:25
2029;1043;3; 1,2,3 ;1,3,2;12.12.2019;09:31:50
2030;1044;1;1,2;1,2;12.12.2019;09:32:42
2031;1044;2; 1,2,3 ;1,3,2;12.12.2019;09:32:53
2032;1044;3; 1,2,3 ;1,3,2;12.12.2019;09:33:07
2033;1045;1;1,2;1,2;12.12.2019;09:33:48
2034;1045;2; 1,2,3 ;1,3,2;12.12.2019;09:33:55
2035;1045;3; 1,2,3 ;1,3,2;12.12.2019;09:34:12
2036;1046;1;1,2;1,2;12.12.2019;09:38:24
2037;1046;2; 1,2,3 ;1,3,2;12.12.2019;09:38:34
2038;1046;3; 1,2,3 ;1,3,2;12.12.2019;09:39:27
2039;1047;1;1,2;1,2;12.12.2019;09:45:54
2040;1047;2; 1,2,3 ;1,3,2;12.12.2019;09:46:08
2041;1047;3; 1,2,3 ;1,3,2;12.12.2019;09:46:33
2042;1048;1;1,2;1,2;12.12.2019;09:47:25
2043;1049;1;1,2;2,1;12.12.2019;09:47:38
2044;1049;2; 1,2,3 ;2,1,3;12.12.2019;09:47:46
2045;1049;3; 1,2,3 ;2,3,1;12.12.2019;09:47:54
2046;1050;1;1,2;2,1;12.12.2019;09:48:22
2047;1050;2; 1,2,3 ;3,2,1;12.12.2019;09:48:27
2048;1050;3; 1,2,3 ;1,3,2;12.12.2019;09:48:33
2049;1052;1;1,2;1,2;12.12.2019;10:23:15
2050;1052;2; 1,2,3 ;1,3,2;12.12.2019;10:23:25
2051;1053;1;1,2;1,2;12.12.2019;10:26:19
2052;1053;2; 1,2,3 ;1,3,2;12.12.2019;10:26:37
2053;1053;3; 1,2,3 ;1,3,2;12.12.2019;10:27:11
2054;1054;1;1,2;1,2;12.12.2019;10:30:28
2055;1054;2; 1,2,3 ;3,1,2;12.12.2019;10:30:42
2056;1054;3; 1,2,3 ;3,1,2;12.12.2019;10:31:16
2057;1055;1;1,2;1,2;12.12.2019;10:34:52
2058;1055;2; 1,2,3 ;1,3,2;12.12.2019;10:35:11
2059;1055;3; 1,2,3 ;1,3,2;12.12.2019;10:36:01
2060;1057;1;1,2;1,2;12.12.2019;10:42:45
2061;1057;2; 1,2,3 ;1,3,2;12.12.2019;10:43:18
2062;1057;3; 1,2,3 ;1,3,2;12.12.2019;10:44:09
2063;1058;1;1,2;1,2;12.12.2019;10:46:12
2064;1058;2; 1,2,3 ;1,3,2;12.12.2019;10:46:31
2065;1058;3; 1,2,3 ;1,3,2;12.12.2019;10:47:03
2066;1059;1;1,2;1,2;12.12.2019;10:48:38
2067;1059;2; 1,2,3 ;3,1,2;12.12.2019;10:48:49
2068;1059;3; 1,2,3 ;3,1,2;12.12.2019;10:49:19
2069;1060;1;1,2;2,1;12.12.2019;10:50:53
2070;1060;2; 1,2,3 ;3,1,2;12.12.2019;10:51:48
2071;1060;3; 1,2,3 ;3,1,2;12.12.2019;10:52:19
2072;1062;1;1,2;1,2;13.12.2019;11:00:57
2073;1062;2; 1,2,3 ;1,3,2;13.12.2019;11:01:07
2074;1062;3; 1,2,3 ;1,3,2;13.12.2019;11:01:34
2075;1063;1;1,2;1,2;13.12.2019;11:14:41
2076;1063;2; 1,2,3 ;1,2,3;13.12.2019;11:15:08
2077;1063;3; 1,2,3 ;1,2,3;13.12.2019;11:15:51
2078;1064;1;1,2;1,2;16.12.2019;10:55:15
2079;1064;2; 1,2,3 ;1,3,2;16.12.2019;10:55:36
2080;1064;3; 1,2,3 ;1,3,2;16.12.2019;10:56:06
2081;1065;1;1,2;1,2;16.12.2019;12:36:01
2082;1065;2; 1,2,3 ;1,3,2;16.12.2019;12:36:40
2083;1065;3; 1,2,3 ;1,3,2;16.12.2019;12:37:47
2084;1066;1;1,2;1,2;16.12.2019;16:23:59
2085;1066;2; 1,2,3 ;1,3,2;16.12.2019;16:24:10
2086;1066;3; 1,2,3 ;1,3,2;16.12.2019;16:24:43
2087;1067;1;1,2;2,1;16.12.2019;16:56:35
2088;1067;2; 1,2,3 ;1,3,2;16.12.2019;16:56:59
2089;1067;3; 1,2,3 ;1,3,2;16.12.2019;16:58:03
2090;1068;1;1,2;1,2;17.12.2019;17:03:50
2091;1068;2; 1,2,3 ;1,2,3;17.12.2019;17:04:09
2092;1069;1;1,2;1,2;17.12.2019;17:11:39
2093;1069;2; 1,2,3 ;1,3,2;17.12.2019;17:11:53
2094;1069;3; 1,2,3 ;1,3,2;17.12.2019;17:12:23
2095;1070;1;1,2;1,2;17.12.2019;17:21:07
2096;1070;2; 1,2,3 ;1,3,2;17.12.2019;17:21:32
2097;1070;3; 1,2,3 ;1,3,2;17.12.2019;17:22:15
2098;1071;1;1,2;1,2;17.12.2019;17:28:12
2099;1071;2; 1,2,3 ;1,3,2;17.12.2019;17:28:35
2100;1072;1;1,2;1,2;17.12.2019;18:05:37
2101;1072;2; 1,2,3 ;1,3,2;17.12.2019;18:05:45
2102;1072;3; 1,2,3 ;1,3,2;17.12.2019;18:06:20
2103;1073;1;1,2;1,2;17.12.2019;18:11:41
2104;1073;2; 1,2,3 ;1,2,3;17.12.2019;18:12:15
2105;1073;3; 1,2,3 ;3,2,1;17.12.2019;18:12:57
2106;1074;1;1,2;1,2;17.12.2019;19:04:47
2107;1074;2; 1,2,3 ;3,1,2;17.12.2019;19:05:02
2108;1074;3; 1,2,3 ;3,1,2;17.12.2019;19:06:00
